-- MySQL dump 10.13  Distrib 8.0.25, for Linux (x86_64)
--
-- Host: localhost    Database: vk
-- ------------------------------------------------------
-- Server version	8.0.25

/*!40101 SET @OLD_CHARACTER_SET_CLIENT=@@CHARACTER_SET_CLIENT */;
/*!40101 SET @OLD_CHARACTER_SET_RESULTS=@@CHARACTER_SET_RESULTS */;
/*!40101 SET @OLD_COLLATION_CONNECTION=@@COLLATION_CONNECTION */;
/*!50503 SET NAMES utf8mb4 */;
/*!40103 SET @OLD_TIME_ZONE=@@TIME_ZONE */;
/*!40103 SET TIME_ZONE='+00:00' */;
/*!40014 SET @OLD_UNIQUE_CHECKS=@@UNIQUE_CHECKS, UNIQUE_CHECKS=0 */;
/*!40014 SET @OLD_FOREIGN_KEY_CHECKS=@@FOREIGN_KEY_CHECKS, FOREIGN_KEY_CHECKS=0 */;
/*!40101 SET @OLD_SQL_MODE=@@SQL_MODE, SQL_MODE='NO_AUTO_VALUE_ON_ZERO' */;
/*!40111 SET @OLD_SQL_NOTES=@@SQL_NOTES, SQL_NOTES=0 */;

--
-- Table structure for table `communities`
--

DROP TABLE IF EXISTS `communities`;
/*!40101 SET @saved_cs_client     = @@character_set_client */;
/*!50503 SET character_set_client = utf8mb4 */;
CREATE TABLE `communities` (
  `id` bigint unsigned NOT NULL AUTO_INCREMENT,
  `name` varchar(150) DEFAULT NULL,
  `admin_user_id` bigint unsigned NOT NULL,
  UNIQUE KEY `id` (`id`),
  KEY `communities_name_idx` (`name`),
  KEY `admin_user_id` (`admin_user_id`),
  CONSTRAINT `communities_ibfk_1` FOREIGN KEY (`admin_user_id`) REFERENCES `users` (`id`)
) ENGINE=InnoDB AUTO_INCREMENT=101 DEFAULT CHARSET=utf8mb4 COLLATE=utf8mb4_0900_ai_ci;
/*!40101 SET character_set_client = @saved_cs_client */;

--
-- Dumping data for table `communities`
--

LOCK TABLES `communities` WRITE;
/*!40000 ALTER TABLE `communities` DISABLE KEYS */;
INSERT INTO `communities` VALUES (1,'Schoen-Kutch',51),(2,'Reichert LLC',97),(3,'Tillman-Quigley',34),(4,'Hahn Inc',51),(5,'Hintz-Raynor',45),(6,'Beatty-Mayert',63),(7,'Barrows Group',58),(8,'Hoppe-Fay',75),(9,'Rice-Stokes',40),(10,'Hoppe Group',44),(11,'Franecki and Sons',93),(12,'Christiansen, Grant and Larkin',26),(13,'Brekke Group',77),(14,'Swift-Ritchie',7),(15,'Metz, Schmidt and Durgan',20),(16,'Larson-Wisoky',63),(17,'Renner Inc',26),(18,'O\'Keefe, Stanton and Osinski',43),(19,'Paucek-VonRueden',76),(20,'Macejkovic, Runolfsson and Russel',15),(21,'Kiehn Group',15),(22,'Rolfson-Gaylord',30),(23,'Auer, Parker and Durgan',37),(24,'Windler Inc',58),(25,'Leuschke-Abshire',46),(26,'Yundt and Sons',43),(27,'Hilll and Sons',92),(28,'Krajcik and Sons',48),(29,'Gibson-Beer',62),(30,'Beatty, Greenfelder and Lynch',77),(31,'Spinka-McCullough',98),(32,'Hintz LLC',31),(33,'McClure LLC',80),(34,'Howe Group',95),(35,'Waelchi-Robel',85),(36,'Sipes, Thompson and Rippin',50),(37,'Buckridge, Dibbert and Jast',22),(38,'Stark LLC',48),(39,'Schimmel, Muller and Aufderhar',91),(40,'Torp, Nicolas and Lemke',47),(41,'Swift and Sons',9),(42,'Kuphal-Willms',19),(43,'Cummings-Sporer',72),(44,'Abernathy, Hilll and Connelly',7),(45,'Bayer LLC',95),(46,'Reichel, Durgan and Hammes',62),(47,'Lebsack Group',99),(48,'Raynor, Lind and Mueller',24),(49,'Feeney-Mante',69),(50,'Sawayn-Nolan',44),(51,'Marks, Yost and Von',73),(52,'Rice Group',51),(53,'Pacocha, Howe and Renner',44),(54,'Ward, McGlynn and Rogahn',93),(55,'Steuber-Powlowski',66),(56,'Zemlak, Dickinson and Waters',50),(57,'Davis-Lehner',46),(58,'Bailey Group',37),(59,'Stanton-Beahan',18),(60,'Daniel-Schmeler',88),(61,'Dicki Inc',96),(62,'Kuhn, Miller and Herzog',94),(63,'O\'Kon, Yost and Okuneva',93),(64,'Gibson-Kris',8),(65,'Jones Group',58),(66,'Green, Swift and Haley',14),(67,'Quitzon Inc',12),(68,'Reilly, Swift and Grimes',9),(69,'Connelly LLC',81),(70,'Jaskolski-Hettinger',18),(71,'Robel, Cartwright and Towne',87),(72,'Wehner, Conn and Beahan',90),(73,'Friesen-Welch',57),(74,'Bednar, Blanda and Lowe',77),(75,'Harber-Zemlak',6),(76,'Herman-Thiel',57),(77,'Beier LLC',25),(78,'Armstrong-Bins',96),(79,'Feest-Dooley',72),(80,'Kihn, Hartmann and Bode',75),(81,'Nienow-Lindgren',89),(82,'Jakubowski-Little',83),(83,'Koch-Grady',68),(84,'Huels-Willms',46),(85,'Yundt LLC',72),(86,'Vandervort Group',70),(87,'Grimes, Luettgen and Wisoky',26),(88,'Kertzmann, Maggio and Schuppe',32),(89,'Johns and Sons',48),(90,'Anderson-Cartwright',14),(91,'Auer, Rutherford and Feeney',77),(92,'Goldner-Howell',71),(93,'Kshlerin, Bahringer and Schultz',34),(94,'Glover, Vandervort and Kirlin',90),(95,'Ziemann, Sporer and Howe',35),(96,'Gaylord, Dickens and O\'Kon',64),(97,'Rohan Group',33),(98,'Mosciski Inc',57),(99,'Ankunding-Tromp',55),(100,'Hane LLC',57);
/*!40000 ALTER TABLE `communities` ENABLE KEYS */;
UNLOCK TABLES;

--
-- Table structure for table `friend_requests`
--

DROP TABLE IF EXISTS `friend_requests`;
/*!40101 SET @saved_cs_client     = @@character_set_client */;
/*!50503 SET character_set_client = utf8mb4 */;
CREATE TABLE `friend_requests` (
  `initiator_user_id` bigint unsigned NOT NULL,
  `target_user_id` bigint unsigned NOT NULL,
  `status` enum('requested','approved','declined','unfriended') DEFAULT NULL,
  `created_at` datetime DEFAULT CURRENT_TIMESTAMP,
  `updated_at` datetime DEFAULT NULL ON UPDATE CURRENT_TIMESTAMP,
  PRIMARY KEY (`initiator_user_id`,`target_user_id`),
  KEY `target_user_id` (`target_user_id`),
  CONSTRAINT `friend_requests_ibfk_1` FOREIGN KEY (`initiator_user_id`) REFERENCES `users` (`id`),
  CONSTRAINT `friend_requests_ibfk_2` FOREIGN KEY (`target_user_id`) REFERENCES `users` (`id`),
  CONSTRAINT `friend_requests_chk_1` CHECK ((`initiator_user_id` <> `target_user_id`))
) ENGINE=InnoDB DEFAULT CHARSET=utf8mb4 COLLATE=utf8mb4_0900_ai_ci;
/*!40101 SET character_set_client = @saved_cs_client */;

--
-- Dumping data for table `friend_requests`
--

LOCK TABLES `friend_requests` WRITE;
/*!40000 ALTER TABLE `friend_requests` DISABLE KEYS */;
INSERT INTO `friend_requests` VALUES (1,3,'declined','2021-07-16 05:14:57','2021-07-17 16:05:54'),(1,62,'approved','2021-07-16 05:14:56',NULL),(4,35,'approved','2021-07-16 05:14:56',NULL),(4,87,'approved','2021-07-16 05:14:56',NULL),(5,4,'declined','2021-07-16 05:14:56',NULL),(5,66,'approved','2021-07-16 05:14:56',NULL),(5,91,'declined','2021-07-16 05:14:57',NULL),(5,99,'approved','2021-07-16 05:14:56',NULL),(6,35,'unfriended','2021-07-16 05:14:56',NULL),(6,37,'approved','2021-07-16 05:14:57',NULL),(6,63,'approved','2021-07-16 05:14:56',NULL),(6,94,'approved','2021-07-16 05:14:56',NULL),(8,69,'declined','2021-07-16 05:14:56',NULL),(9,46,'unfriended','2021-07-16 05:14:56',NULL),(10,29,'unfriended','2021-07-16 05:14:56',NULL),(11,56,'approved','2021-07-16 05:14:57',NULL),(11,90,'unfriended','2021-07-16 05:14:56',NULL),(12,28,'declined','2021-07-16 05:14:57',NULL),(13,6,'approved','2021-07-16 05:14:57',NULL),(13,11,'unfriended','2021-07-16 05:14:56',NULL),(13,50,'declined','2021-07-16 05:14:57',NULL),(14,17,'unfriended','2021-07-16 05:14:56',NULL),(19,1,'declined','2021-07-16 05:14:56',NULL),(19,97,'declined','2021-07-16 05:14:56',NULL),(20,5,'unfriended','2021-07-16 05:14:56',NULL),(20,38,'unfriended','2021-07-16 05:14:57',NULL),(20,77,'unfriended','2021-07-16 05:14:57',NULL),(22,73,'approved','2021-07-16 05:14:56',NULL),(22,87,'declined','2021-07-16 05:14:57',NULL),(23,24,'unfriended','2021-07-16 05:14:56',NULL),(24,6,'approved','2021-07-16 05:14:57',NULL),(24,43,'unfriended','2021-07-16 05:14:56',NULL),(24,46,'declined','2021-07-16 05:14:56',NULL),(24,74,'approved','2021-07-16 05:14:56',NULL),(26,10,'declined','2021-07-16 05:14:56',NULL),(26,59,'approved','2021-07-16 05:14:56',NULL),(28,29,'unfriended','2021-07-16 05:14:57',NULL),(28,43,'unfriended','2021-07-16 05:14:56',NULL),(28,89,'approved','2021-07-16 05:14:56',NULL),(29,69,'declined','2021-07-16 05:14:57',NULL),(30,95,'approved','2021-07-16 05:14:56',NULL),(31,58,'declined','2021-07-16 05:14:56',NULL),(32,43,'approved','2021-07-16 05:14:56',NULL),(33,57,'unfriended','2021-07-16 05:14:56',NULL),(33,96,'approved','2021-07-16 05:14:57',NULL),(35,7,'unfriended','2021-07-16 05:14:56',NULL),(35,71,'declined','2021-07-16 05:14:56',NULL),(37,81,'declined','2021-07-16 05:14:56',NULL),(39,18,'declined','2021-07-16 05:14:56',NULL),(41,67,'approved','2021-07-16 05:14:56',NULL),(41,70,'approved','2021-07-16 05:14:56',NULL),(44,76,'unfriended','2021-07-16 05:14:56',NULL),(44,87,'declined','2021-07-16 05:14:56',NULL),(47,26,'declined','2021-07-16 05:14:57',NULL),(48,3,'declined','2021-07-16 05:14:56',NULL),(50,37,'declined','2021-07-16 05:14:57',NULL),(51,29,'unfriended','2021-07-16 05:14:56',NULL),(53,4,'approved','2021-07-16 05:14:56',NULL),(53,72,'unfriended','2021-07-16 05:14:56',NULL),(55,31,'unfriended','2021-07-16 05:14:56',NULL),(55,45,'declined','2021-07-16 05:14:56',NULL),(59,4,'unfriended','2021-07-16 05:14:57',NULL),(60,30,'unfriended','2021-07-16 05:14:56',NULL),(60,94,'declined','2021-07-16 05:14:57',NULL),(64,65,'unfriended','2021-07-16 05:14:56',NULL),(65,40,'unfriended','2021-07-16 05:14:56',NULL),(66,90,'declined','2021-07-16 05:14:57',NULL),(67,12,'approved','2021-07-16 05:14:56',NULL),(68,26,'declined','2021-07-16 05:14:56',NULL),(69,34,'declined','2021-07-16 05:14:57',NULL),(69,58,'declined','2021-07-16 05:14:56',NULL),(72,66,'declined','2021-07-16 05:14:56',NULL),(73,10,'declined','2021-07-16 05:14:56',NULL),(75,31,'unfriended','2021-07-16 05:14:56',NULL),(76,27,'declined','2021-07-16 05:14:56',NULL),(76,49,'unfriended','2021-07-16 05:14:56',NULL),(76,56,'unfriended','2021-07-16 05:14:56',NULL),(76,93,'declined','2021-07-16 05:14:56',NULL),(78,58,'unfriended','2021-07-16 05:14:56',NULL),(78,65,'unfriended','2021-07-16 05:14:56',NULL),(78,98,'unfriended','2021-07-16 05:14:57',NULL),(79,95,'approved','2021-07-16 05:14:57',NULL),(80,67,'unfriended','2021-07-16 05:14:56',NULL),(81,25,'approved','2021-07-16 05:14:56',NULL),(82,85,'declined','2021-07-16 05:14:56',NULL),(85,13,'declined','2021-07-16 05:14:57',NULL),(85,22,'declined','2021-07-16 05:14:56',NULL),(86,21,'unfriended','2021-07-16 05:14:56',NULL),(86,37,'unfriended','2021-07-16 05:14:56',NULL),(86,49,'unfriended','2021-07-16 05:14:56',NULL),(90,34,'unfriended','2021-07-16 05:14:56',NULL),(91,98,'approved','2021-07-16 05:14:57',NULL),(92,89,'approved','2021-07-16 05:14:56',NULL),(95,70,'unfriended','2021-07-16 05:14:57',NULL),(96,17,'declined','2021-07-16 05:14:57',NULL),(96,21,'approved','2021-07-16 05:14:56',NULL),(96,39,'declined','2021-07-16 05:14:57',NULL),(97,23,'approved','2021-07-16 05:14:56',NULL),(100,52,'approved','2021-07-16 05:14:56',NULL);
/*!40000 ALTER TABLE `friend_requests` ENABLE KEYS */;
UNLOCK TABLES;

--
-- Table structure for table `likes`
--

DROP TABLE IF EXISTS `likes`;
/*!40101 SET @saved_cs_client     = @@character_set_client */;
/*!50503 SET character_set_client = utf8mb4 */;
CREATE TABLE `likes` (
  `id` bigint unsigned NOT NULL AUTO_INCREMENT,
  `user_id` bigint unsigned NOT NULL,
  `media_id` bigint unsigned NOT NULL,
  `created_ad` datetime DEFAULT CURRENT_TIMESTAMP,
  UNIQUE KEY `id` (`id`),
  KEY `likes_fk` (`media_id`),
  KEY `likes_fk_1` (`user_id`),
  CONSTRAINT `likes_fk` FOREIGN KEY (`media_id`) REFERENCES `media` (`id`),
  CONSTRAINT `likes_fk_1` FOREIGN KEY (`user_id`) REFERENCES `users` (`id`)
) ENGINE=InnoDB AUTO_INCREMENT=101 DEFAULT CHARSET=utf8mb4 COLLATE=utf8mb4_0900_ai_ci;
/*!40101 SET character_set_client = @saved_cs_client */;

--
-- Dumping data for table `likes`
--

LOCK TABLES `likes` WRITE;
/*!40000 ALTER TABLE `likes` DISABLE KEYS */;
INSERT INTO `likes` VALUES (1,14,15,'2021-07-16 05:03:54'),(2,42,60,'2021-07-16 05:03:54'),(3,37,47,'2021-07-16 05:03:54'),(4,74,36,'2021-07-16 05:03:54'),(5,77,5,'2021-07-16 05:03:54'),(6,8,62,'2021-07-16 05:03:54'),(7,2,89,'2021-07-16 05:03:54'),(8,48,74,'2021-07-16 05:03:54'),(9,46,1,'2021-07-16 05:03:54'),(10,3,41,'2021-07-16 05:03:54'),(11,31,8,'2021-07-16 05:03:54'),(12,63,53,'2021-07-16 05:03:54'),(13,68,5,'2021-07-16 05:03:55'),(14,44,28,'2021-07-16 05:03:55'),(15,70,20,'2021-07-16 05:03:55'),(16,34,30,'2021-07-16 05:03:55'),(17,43,58,'2021-07-16 05:03:55'),(18,68,23,'2021-07-16 05:03:55'),(19,33,46,'2021-07-16 05:03:55'),(20,58,70,'2021-07-16 05:03:55'),(21,82,8,'2021-07-16 05:03:55'),(22,79,68,'2021-07-16 05:03:55'),(23,98,4,'2021-07-16 05:03:55'),(24,24,99,'2021-07-16 05:03:55'),(25,78,23,'2021-07-16 05:03:55'),(26,81,25,'2021-07-16 05:03:55'),(27,29,57,'2021-07-16 05:03:55'),(28,29,8,'2021-07-16 05:03:55'),(29,9,81,'2021-07-16 05:03:55'),(30,45,55,'2021-07-16 05:03:55'),(31,9,15,'2021-07-16 05:03:55'),(32,35,12,'2021-07-16 05:03:55'),(33,47,64,'2021-07-16 05:03:55'),(34,38,93,'2021-07-16 05:03:55'),(35,77,63,'2021-07-16 05:03:55'),(36,24,62,'2021-07-16 05:03:55'),(37,61,24,'2021-07-16 05:03:55'),(38,50,34,'2021-07-16 05:03:55'),(39,31,32,'2021-07-16 05:03:55'),(40,90,72,'2021-07-16 05:03:55'),(41,24,35,'2021-07-16 05:03:55'),(42,30,1,'2021-07-16 05:03:55'),(43,93,98,'2021-07-16 05:03:55'),(44,83,25,'2021-07-16 05:03:55'),(45,33,19,'2021-07-16 05:03:55'),(46,7,29,'2021-07-16 05:03:55'),(47,40,72,'2021-07-16 05:03:55'),(48,32,57,'2021-07-16 05:03:55'),(49,35,10,'2021-07-16 05:03:55'),(50,85,35,'2021-07-16 05:03:55'),(51,15,61,'2021-07-16 05:03:55'),(52,23,67,'2021-07-16 05:03:55'),(53,39,47,'2021-07-16 05:03:55'),(54,11,91,'2021-07-16 05:03:55'),(55,14,59,'2021-07-16 05:03:55'),(56,75,6,'2021-07-16 05:03:55'),(57,87,29,'2021-07-16 05:03:55'),(58,67,89,'2021-07-16 05:03:55'),(59,1,40,'2021-07-16 05:03:55'),(60,12,72,'2021-07-16 05:03:55'),(61,95,10,'2021-07-16 05:03:55'),(62,9,10,'2021-07-16 05:03:55'),(63,11,29,'2021-07-16 05:03:55'),(64,82,5,'2021-07-16 05:03:55'),(65,97,92,'2021-07-16 05:03:55'),(66,100,100,'2021-07-16 05:03:55'),(67,92,68,'2021-07-16 05:03:55'),(68,33,54,'2021-07-16 05:03:55'),(69,17,24,'2021-07-16 05:03:55'),(70,42,35,'2021-07-16 05:03:55'),(71,4,98,'2021-07-16 05:03:55'),(72,72,40,'2021-07-16 05:03:55'),(73,5,86,'2021-07-16 05:03:55'),(74,90,9,'2021-07-16 05:03:55'),(75,72,96,'2021-07-16 05:03:55'),(76,47,83,'2021-07-16 05:03:55'),(77,35,29,'2021-07-16 05:03:55'),(78,33,30,'2021-07-16 05:03:55'),(79,83,69,'2021-07-16 05:03:55'),(80,75,14,'2021-07-16 05:03:55'),(81,52,25,'2021-07-16 05:03:55'),(82,82,45,'2021-07-16 05:03:55'),(83,24,14,'2021-07-16 05:03:55'),(84,12,69,'2021-07-16 05:03:55'),(85,33,63,'2021-07-16 05:03:55'),(86,42,9,'2021-07-16 05:03:55'),(87,72,61,'2021-07-16 05:03:55'),(88,83,83,'2021-07-16 05:03:55'),(89,6,46,'2021-07-16 05:03:55'),(90,3,84,'2021-07-16 05:03:55'),(91,72,74,'2021-07-16 05:03:55'),(92,29,52,'2021-07-16 05:03:55'),(93,61,24,'2021-07-16 05:03:55'),(94,9,70,'2021-07-16 05:03:55'),(95,84,13,'2021-07-16 05:03:55'),(96,92,17,'2021-07-16 05:03:55'),(97,5,19,'2021-07-16 05:03:55'),(98,65,99,'2021-07-16 05:03:55'),(99,61,65,'2021-07-16 05:03:55'),(100,62,81,'2021-07-16 05:03:55');
/*!40000 ALTER TABLE `likes` ENABLE KEYS */;
UNLOCK TABLES;

--
-- Table structure for table `media`
--

DROP TABLE IF EXISTS `media`;
/*!40101 SET @saved_cs_client     = @@character_set_client */;
/*!50503 SET character_set_client = utf8mb4 */;
CREATE TABLE `media` (
  `id` bigint unsigned NOT NULL AUTO_INCREMENT,
  `media_type_id` bigint unsigned NOT NULL,
  `user_id` bigint unsigned NOT NULL,
  `body` text,
  `filename` varchar(255) DEFAULT NULL,
  `size` int DEFAULT NULL,
  `metadata` json DEFAULT NULL,
  `created_at` datetime DEFAULT CURRENT_TIMESTAMP,
  `updated_at` datetime DEFAULT NULL ON UPDATE CURRENT_TIMESTAMP,
  UNIQUE KEY `id` (`id`),
  KEY `user_id` (`user_id`),
  KEY `media_type_id` (`media_type_id`),
  CONSTRAINT `media_ibfk_1` FOREIGN KEY (`user_id`) REFERENCES `users` (`id`),
  CONSTRAINT `media_ibfk_2` FOREIGN KEY (`media_type_id`) REFERENCES `media_types` (`id`)
) ENGINE=InnoDB AUTO_INCREMENT=101 DEFAULT CHARSET=utf8mb4 COLLATE=utf8mb4_0900_ai_ci;
/*!40101 SET character_set_client = @saved_cs_client */;

--
-- Dumping data for table `media`
--

LOCK TABLES `media` WRITE;
/*!40000 ALTER TABLE `media` DISABLE KEYS */;
INSERT INTO `media` VALUES (1,1,1,'mauris viverra diam vitae quam suspendisse potenti nullam porttitor lacus','GOyMuFFZT.jpeg',222218734,'[]','2021-07-16 04:58:16',NULL),(2,1,2,'ipsum primis in faucibus orci luctus et ultrices posuere cubilia curae nulla dapibus','jnVmROuQl.jpeg',410226751,'[{}, {}]','2021-07-16 04:58:16',NULL),(3,1,3,'at velit eu est congue elementum in hac habitasse platea dictumst morbi vestibulum velit id pretium iaculis','KYlEH015X.jpeg',286363700,'[{}, {}]','2021-07-16 04:58:16',NULL),(4,1,4,'ipsum primis in faucibus orci luctus et ultrices posuere cubilia curae nulla dapibus dolor vel est donec odio','gezRKzoVR.jpeg',129689377,'[]','2021-07-16 04:58:16',NULL),(5,1,5,'sed vestibulum sit amet cursus id turpis integer aliquet massa id lobortis convallis tortor risus dapibus augue vel accumsan tellus','tnUXEcUM1.jpeg',950050515,'[{}, {}, {}]','2021-07-16 04:58:16',NULL),(6,1,6,'cubilia curae donec pharetra magna vestibulum aliquet ultrices erat tortor sollicitudin mi sit amet lobortis sapien sapien non mi integer','zP0xmib75.jpeg',920683420,'[{}, {}, {}, {}, {}]','2021-07-16 04:58:16',NULL),(7,1,7,'iaculis justo in hac habitasse platea dictumst etiam faucibus cursus urna ut','WPqLEZxuX.jpeg',444998111,'[{}, {}, {}, {}]','2021-07-16 04:58:16',NULL),(8,1,8,'ut suscipit a feugiat et eros vestibulum ac est lacinia nisi venenatis tristique fusce congue diam id ornare imperdiet','uUKlmuvXK.jpeg',609954053,'[{}]','2021-07-16 04:58:16',NULL),(9,1,9,'justo pellentesque viverra pede ac diam cras pellentesque volutpat dui','FxjKPSmiS.jpeg',328981273,'[{}, {}, {}, {}]','2021-07-16 04:58:16',NULL),(10,1,10,'lacus curabitur at ipsum ac tellus semper interdum mauris ullamcorper purus sit amet nulla quisque arcu libero rutrum ac','VMYWzr0Ja.jpeg',531299993,'[{}, {}, {}, {}, {}]','2021-07-16 04:58:16',NULL),(11,1,11,'at velit vivamus vel nulla eget eros elementum pellentesque quisque porta volutpat','pjMG2yfAq.jpeg',776221826,'[{}, {}, {}, {}, {}]','2021-07-16 04:58:16',NULL),(12,1,12,'congue vivamus metus arcu adipiscing molestie hendrerit at vulputate vitae nisl','QaKyS2AEJ.jpeg',483307132,'[{}, {}, {}, {}, {}]','2021-07-16 04:58:16',NULL),(13,1,13,'sapien placerat ante nulla justo aliquam quis turpis eget elit sodales scelerisque','wGhVQuNFB.jpeg',447701850,'[{}, {}, {}]','2021-07-16 04:58:16',NULL),(14,1,14,'mattis nibh ligula nec sem duis aliquam convallis nunc proin at turpis a pede posuere nonummy integer','xzEzD92iJ.jpeg',782738559,'[{}, {}, {}]','2021-07-16 04:58:16',NULL),(15,1,15,'pede justo lacinia eget tincidunt eget tempus vel pede morbi porttitor lorem id ligula suspendisse ornare consequat lectus','5UOd21Yn5.jpeg',939797158,'[{}]','2021-07-16 04:58:16',NULL),(16,1,16,'aliquam lacus morbi quis tortor id nulla ultrices aliquet maecenas leo odio condimentum id luctus','VMH992kMF.jpeg',129175864,'[{}]','2021-07-16 04:58:16',NULL),(17,1,17,'ut massa volutpat convallis morbi odio odio elementum eu interdum eu tincidunt in leo maecenas pulvinar lobortis','cCxPRI8Qd.jpeg',324546213,'[{}]','2021-07-16 04:58:16',NULL),(18,1,18,'sit amet eleifend pede libero quis orci nullam molestie nibh in lectus pellentesque at nulla','xgkYXhDGk.jpeg',258000490,'[{}, {}, {}, {}, {}]','2021-07-16 04:58:16',NULL),(19,1,19,'mattis pulvinar nulla pede ullamcorper augue a suscipit nulla elit ac nulla sed vel enim','ciuXYPIbr.jpeg',477548843,'[{}, {}, {}, {}, {}]','2021-07-16 04:58:16',NULL),(20,1,20,'a nibh in quis justo maecenas rhoncus aliquam lacus morbi quis tortor id nulla ultrices aliquet maecenas','rkaGuZk3J.jpeg',198982569,'[{}, {}]','2021-07-16 04:58:16',NULL),(21,1,21,'pellentesque ultrices phasellus id sapien in sapien iaculis congue vivamus metus arcu adipiscing molestie hendrerit at vulputate vitae','wb5RErtUw.jpeg',551768811,'[{}, {}, {}, {}, {}]','2021-07-16 04:58:16',NULL),(22,1,22,'platea dictumst etiam faucibus cursus urna ut tellus nulla ut erat id mauris vulputate elementum nullam varius nulla facilisi cras','MPtjbBMxj.jpeg',977246841,'[]','2021-07-16 04:58:16',NULL),(23,1,23,'eros elementum pellentesque quisque porta volutpat erat quisque erat eros viverra eget','UqsXBD29p.jpeg',762380740,'[{}, {}, {}, {}]','2021-07-16 04:58:16',NULL),(24,1,24,'sapien urna pretium nisl ut volutpat sapien arcu sed augue aliquam erat volutpat','zCvf6Bf7W.jpeg',335639677,'[{}, {}]','2021-07-16 04:58:16',NULL),(25,1,25,'vitae quam suspendisse potenti nullam porttitor lacus at turpis donec posuere metus vitae ipsum','C5jrjh4sG.jpeg',265648788,'[{}, {}, {}, {}, {}]','2021-07-16 04:58:16',NULL),(26,1,26,'cum sociis natoque penatibus et magnis dis parturient montes nascetur ridiculus mus etiam vel augue vestibulum rutrum rutrum','L6wbMVnus.jpeg',500883295,'[]','2021-07-16 04:58:16',NULL),(27,1,27,'sociis natoque penatibus et magnis dis parturient montes nascetur ridiculus mus vivamus vestibulum sagittis sapien','Vld6OAVru.jpeg',766632564,'[{}, {}, {}]','2021-07-16 04:58:16',NULL),(28,1,28,'purus aliquet at feugiat non pretium quis lectus suspendisse potenti in eleifend quam','On6zmBCfx.jpeg',819206554,'[]','2021-07-16 04:58:16',NULL),(29,1,29,'venenatis turpis enim blandit mi in porttitor pede justo eu massa donec','O5p962CDz.jpeg',834416239,'[{}, {}]','2021-07-16 04:58:16',NULL),(30,1,30,'consequat dui nec nisi volutpat eleifend donec ut dolor morbi vel lectus','3DoDL1B8K.jpeg',60265133,'[{}, {}, {}, {}, {}]','2021-07-16 04:58:16',NULL),(31,1,31,'nec nisi vulputate nonummy maecenas tincidunt lacus at velit vivamus vel nulla eget eros elementum pellentesque quisque','tmf02HLzt.jpeg',149061988,'[{}, {}, {}, {}, {}]','2021-07-16 04:58:16',NULL),(32,1,32,'rhoncus sed vestibulum sit amet cursus id turpis integer aliquet massa id','4pafmDSyA.jpeg',957466899,'[{}, {}, {}, {}, {}]','2021-07-16 04:58:16',NULL),(33,1,33,'ipsum integer a nibh in quis justo maecenas rhoncus aliquam lacus morbi quis tortor id nulla ultrices aliquet maecenas leo','N0uijddsL.jpeg',875803053,'[{}, {}]','2021-07-16 04:58:16',NULL),(34,1,34,'nulla facilisi cras non velit nec nisi vulputate nonummy maecenas tincidunt lacus at velit vivamus vel nulla eget','zptWajqEC.jpeg',420677132,'[{}, {}, {}, {}]','2021-07-16 04:58:16',NULL),(35,1,35,'in lacus curabitur at ipsum ac tellus semper interdum mauris ullamcorper purus sit','NwiZVroFA.jpeg',505596264,'[{}, {}, {}]','2021-07-16 04:58:16',NULL),(36,1,36,'sit amet sem fusce consequat nulla nisl nunc nisl duis bibendum felis','zDD0rJvDQ.jpeg',281743190,'[{}, {}, {}]','2021-07-16 04:58:16',NULL),(37,1,37,'quis turpis eget elit sodales scelerisque mauris sit amet eros suspendisse','JWUHdk4ht.jpeg',451923406,'[{}]','2021-07-16 04:58:16',NULL),(38,1,38,'quam pede lobortis ligula sit amet eleifend pede libero quis orci nullam molestie nibh in lectus pellentesque at nulla','Sly8vD8cw.jpeg',384270502,'[]','2021-07-16 04:58:16',NULL),(39,1,39,'purus aliquet at feugiat non pretium quis lectus suspendisse potenti in eleifend quam','xMhylR2ZE.jpeg',752882268,'[{}]','2021-07-16 04:58:16',NULL),(40,1,40,'suspendisse potenti cras in purus eu magna vulputate luctus cum','lTDRyM3qR.jpeg',361402770,'[{}, {}, {}, {}, {}]','2021-07-16 04:58:16',NULL),(41,1,41,'justo in blandit ultrices enim lorem ipsum dolor sit amet consectetuer adipiscing elit','V53z11QXK.jpeg',247142479,'[{}]','2021-07-16 04:58:16',NULL),(42,1,42,'sem praesent id massa id nisl venenatis lacinia aenean sit amet','hq5np6sxV.jpeg',141802137,'[{}, {}, {}, {}]','2021-07-16 04:58:16',NULL),(43,1,43,'convallis morbi odio odio elementum eu interdum eu tincidunt in leo maecenas pulvinar lobortis est','40LXPcsOi.jpeg',778056526,'[{}, {}, {}, {}]','2021-07-16 04:58:16',NULL),(44,1,44,'purus aliquet at feugiat non pretium quis lectus suspendisse potenti in eleifend quam a odio in hac','Ouze6Rumq.jpeg',923679691,'[{}, {}]','2021-07-16 04:58:16',NULL),(45,1,45,'cursus vestibulum proin eu mi nulla ac enim in tempor turpis nec euismod scelerisque quam turpis adipiscing','eB4gAtYuz.jpeg',300314581,'[{}, {}, {}, {}, {}]','2021-07-16 04:58:16',NULL),(46,1,46,'vestibulum sit amet cursus id turpis integer aliquet massa id lobortis convallis tortor risus dapibus augue vel accumsan tellus nisi','A7dOu9DeA.jpeg',184409267,'[{}, {}, {}]','2021-07-16 04:58:16',NULL),(47,1,47,'primis in faucibus orci luctus et ultrices posuere cubilia curae mauris viverra diam vitae quam suspendisse','6dqxPxxpG.jpeg',238759903,'[]','2021-07-16 04:58:16',NULL),(48,1,48,'in lacus curabitur at ipsum ac tellus semper interdum mauris ullamcorper purus sit amet nulla','gwAMXc0pu.jpeg',146763376,'[{}, {}]','2021-07-16 04:58:16',NULL),(49,1,49,'metus arcu adipiscing molestie hendrerit at vulputate vitae nisl aenean lectus pellentesque','2Jtr2bIJp.jpeg',758750283,'[{}]','2021-07-16 04:58:17',NULL),(50,1,50,'scelerisque mauris sit amet eros suspendisse accumsan tortor quis turpis sed ante vivamus','mHqGnprhz.jpeg',781169988,'[{}, {}, {}, {}]','2021-07-16 04:58:17',NULL),(51,1,51,'semper interdum mauris ullamcorper purus sit amet nulla quisque arcu libero','yfnhq8rp2.jpeg',494753271,'[{}, {}, {}, {}, {}]','2021-07-16 04:58:17',NULL),(52,1,52,'libero nam dui proin leo odio porttitor id consequat in consequat ut nulla sed accumsan felis ut at','2wCpdysv0.jpeg',192473212,'[{}, {}, {}, {}]','2021-07-16 04:58:17',NULL),(53,1,53,'eleifend luctus ultricies eu nibh quisque id justo sit amet sapien dignissim vestibulum vestibulum ante ipsum primis in faucibus orci','JwXuM4JM6.jpeg',760063048,'[{}]','2021-07-16 04:58:17',NULL),(54,1,54,'ut erat curabitur gravida nisi at nibh in hac habitasse platea dictumst aliquam augue quam sollicitudin vitae consectetuer','vYIHI2J1m.jpeg',132142810,'[]','2021-07-16 04:58:17',NULL),(55,1,55,'quis libero nullam sit amet turpis elementum ligula vehicula consequat morbi a ipsum integer a nibh in','T2K5mxcds.jpeg',535790249,'[{}, {}]','2021-07-16 04:58:17',NULL),(56,1,56,'vulputate luctus cum sociis natoque penatibus et magnis dis parturient','p5uVMQ8AE.jpeg',796030346,'[]','2021-07-16 04:58:17',NULL),(57,1,57,'congue elementum in hac habitasse platea dictumst morbi vestibulum velit id pretium iaculis diam erat fermentum justo nec','5N6MNkxOt.jpeg',51298662,'[{}]','2021-07-16 04:58:17',NULL),(58,1,58,'morbi porttitor lorem id ligula suspendisse ornare consequat lectus in est risus auctor sed tristique in tempus','GiU3jHcGe.jpeg',5348514,'[{}, {}, {}, {}]','2021-07-16 04:58:17',NULL),(59,1,59,'quisque porta volutpat erat quisque erat eros viverra eget congue eget semper rutrum nulla nunc purus phasellus in','vQ9myjPhg.jpeg',108791021,'[{}, {}]','2021-07-16 04:58:17',NULL),(60,1,60,'ut erat curabitur gravida nisi at nibh in hac habitasse','Y2oUJKQZw.jpeg',816414449,'[{}, {}]','2021-07-16 04:58:17',NULL),(61,1,61,'erat id mauris vulputate elementum nullam varius nulla facilisi cras','BkEqpA4ux.jpeg',959502770,'[{}]','2021-07-16 04:58:17',NULL),(62,1,62,'habitasse platea dictumst aliquam augue quam sollicitudin vitae consectetuer eget rutrum at lorem integer tincidunt ante vel ipsum','0S4hCF0lN.jpeg',573665187,'[{}, {}]','2021-07-16 04:58:17',NULL),(63,1,63,'ac neque duis bibendum morbi non quam nec dui luctus rutrum nulla tellus in sagittis dui vel nisl duis ac','bG1R7Yhbd.jpeg',679602329,'[]','2021-07-16 04:58:17',NULL),(64,1,64,'erat curabitur gravida nisi at nibh in hac habitasse platea dictumst aliquam augue quam sollicitudin vitae consectetuer','1hNxSImJu.jpeg',984734126,'[{}]','2021-07-16 04:58:17',NULL),(65,1,65,'et magnis dis parturient montes nascetur ridiculus mus etiam vel augue','SxcEvI0nk.jpeg',172601458,'[{}]','2021-07-16 04:58:17',NULL),(66,1,66,'porta volutpat quam pede lobortis ligula sit amet eleifend pede libero quis orci nullam molestie nibh','rUHkX6O2U.jpeg',592463326,'[{}, {}]','2021-07-16 04:58:17',NULL),(67,1,67,'nulla sed accumsan felis ut at dolor quis odio consequat varius integer ac leo pellentesque','HeMNbZDrR.jpeg',422511415,'[{}, {}, {}]','2021-07-16 04:58:17',NULL),(68,1,68,'odio consequat varius integer ac leo pellentesque ultrices mattis odio','z63AaMD6L.jpeg',697276415,'[{}, {}, {}]','2021-07-16 04:58:17',NULL),(69,1,69,'dolor morbi vel lectus in quam fringilla rhoncus mauris enim leo rhoncus sed vestibulum sit amet cursus id turpis','2cltAKlnN.jpeg',821982244,'[{}, {}, {}, {}, {}]','2021-07-16 04:58:17',NULL),(70,1,70,'amet eleifend pede libero quis orci nullam molestie nibh in lectus pellentesque at nulla suspendisse','MIhRDHDMF.jpeg',769007120,'[]','2021-07-16 04:58:17',NULL),(71,1,71,'posuere cubilia curae donec pharetra magna vestibulum aliquet ultrices erat tortor sollicitudin mi sit amet lobortis sapien','ULSnGABEn.jpeg',233804844,'[{}, {}, {}, {}]','2021-07-16 04:58:17',NULL),(72,1,72,'iaculis diam erat fermentum justo nec condimentum neque sapien placerat ante nulla','MxSgnITVa.jpeg',958018880,'[{}, {}, {}, {}, {}]','2021-07-16 04:58:17',NULL),(73,1,73,'primis in faucibus orci luctus et ultrices posuere cubilia curae mauris viverra diam vitae quam','i7mEpxZe4.jpeg',664895021,'[{}]','2021-07-16 04:58:17',NULL),(74,1,74,'magna vestibulum aliquet ultrices erat tortor sollicitudin mi sit amet lobortis sapien','d38qpgJaa.jpeg',477635082,'[{}, {}]','2021-07-16 04:58:17',NULL),(75,1,75,'condimentum curabitur in libero ut massa volutpat convallis morbi odio odio elementum eu interdum eu tincidunt','8u4g2wbPw.jpeg',846517562,'[{}, {}, {}, {}, {}]','2021-07-16 04:58:17',NULL),(76,1,76,'quisque ut erat curabitur gravida nisi at nibh in hac habitasse platea dictumst aliquam augue quam sollicitudin vitae consectetuer','gT976yN4w.jpeg',192914792,'[{}, {}, {}]','2021-07-16 04:58:17',NULL),(77,1,77,'at velit eu est congue elementum in hac habitasse platea dictumst morbi vestibulum velit id pretium iaculis diam','aeQ2zCRN1.jpeg',151662567,'[]','2021-07-16 04:58:17',NULL),(78,1,78,'interdum eu tincidunt in leo maecenas pulvinar lobortis est phasellus sit amet erat','fdYnQq4Td.jpeg',924749948,'[{}, {}, {}]','2021-07-16 04:58:17',NULL),(79,1,79,'non sodales sed tincidunt eu felis fusce posuere felis sed lacus morbi sem mauris laoreet ut','s3H7i7I5t.jpeg',821436466,'[{}, {}]','2021-07-16 04:58:17',NULL),(80,1,80,'arcu adipiscing molestie hendrerit at vulputate vitae nisl aenean lectus pellentesque eget nunc donec quis orci','FLRNO0Akc.jpeg',696512954,'[{}]','2021-07-16 04:58:17',NULL),(81,1,81,'nisl nunc nisl duis bibendum felis sed interdum venenatis turpis enim blandit mi in porttitor pede justo eu massa donec','o1JR5fh9b.jpeg',55493438,'[{}, {}]','2021-07-16 04:58:17',NULL),(82,1,82,'potenti in eleifend quam a odio in hac habitasse platea dictumst maecenas ut massa quis augue luctus','nN25bMXPW.jpeg',879616473,'[{}, {}]','2021-07-16 04:58:17',NULL),(83,1,83,'dolor sit amet consectetuer adipiscing elit proin risus praesent lectus vestibulum quam sapien varius ut','aLXXB3GlU.jpeg',867587604,'[{}, {}]','2021-07-16 04:58:17',NULL),(84,1,84,'vestibulum ante ipsum primis in faucibus orci luctus et ultrices posuere','OXS4k4v9b.jpeg',844331154,'[]','2021-07-16 04:58:17',NULL),(85,1,85,'ornare consequat lectus in est risus auctor sed tristique in tempus sit amet sem fusce consequat nulla nisl','BLNJvWWPS.jpeg',690557254,'[{}]','2021-07-16 04:58:17',NULL),(86,1,86,'morbi quis tortor id nulla ultrices aliquet maecenas leo odio condimentum id luctus nec molestie sed justo','lMWCLM6z5.jpeg',438762786,'[{}, {}, {}, {}]','2021-07-16 04:58:17',NULL),(87,1,87,'odio condimentum id luctus nec molestie sed justo pellentesque viverra pede ac diam cras pellentesque volutpat','oZzLCMXuJ.jpeg',634125473,'[{}, {}, {}, {}, {}]','2021-07-16 04:58:17',NULL),(88,1,88,'tempus semper est quam pharetra magna ac consequat metus sapien ut nunc vestibulum ante','njtAS3aDb.jpeg',789068267,'[{}, {}]','2021-07-16 04:58:17',NULL),(89,1,89,'duis ac nibh fusce lacus purus aliquet at feugiat non pretium quis','ReGJpjak4.jpeg',813777371,'[{}, {}, {}, {}, {}]','2021-07-16 04:58:17',NULL),(90,1,90,'amet sem fusce consequat nulla nisl nunc nisl duis bibendum','gfAp5iYfa.jpeg',69293387,'[{}, {}]','2021-07-16 04:58:17',NULL),(91,1,91,'justo in blandit ultrices enim lorem ipsum dolor sit amet consectetuer adipiscing elit proin interdum mauris non ligula pellentesque','lmkMIBISs.jpeg',701551058,'[]','2021-07-16 04:58:17',NULL),(92,1,92,'sapien ut nunc vestibulum ante ipsum primis in faucibus orci luctus','4leM2NAWD.jpeg',73671958,'[{}, {}, {}]','2021-07-16 04:58:17',NULL),(93,1,93,'rhoncus dui vel sem sed sagittis nam congue risus semper porta volutpat quam pede lobortis ligula sit amet eleifend pede','om6DZ5zhu.jpeg',110451930,'[{}, {}, {}, {}, {}]','2021-07-16 04:58:17',NULL),(94,1,94,'primis in faucibus orci luctus et ultrices posuere cubilia curae donec pharetra','09mc31bop.jpeg',648817837,'[{}, {}, {}, {}, {}]','2021-07-16 04:58:17',NULL),(95,1,95,'scelerisque mauris sit amet eros suspendisse accumsan tortor quis turpis','K5r3IVJwh.jpeg',79082276,'[]','2021-07-16 04:58:17',NULL),(96,1,96,'semper sapien a libero nam dui proin leo odio porttitor id','IhE7mmXaO.jpeg',835453758,'[{}, {}, {}, {}, {}]','2021-07-16 04:58:17',NULL),(97,1,97,'nec euismod scelerisque quam turpis adipiscing lorem vitae mattis nibh ligula nec sem duis aliquam convallis','2yNvT4epu.jpeg',47556636,'[{}, {}, {}, {}, {}]','2021-07-16 04:58:17',NULL),(98,1,98,'nulla sed accumsan felis ut at dolor quis odio consequat varius integer ac leo pellentesque ultrices mattis','Tw00bZw2G.jpeg',395688695,'[{}, {}, {}]','2021-07-16 04:58:17',NULL),(99,1,99,'rutrum neque aenean auctor gravida sem praesent id massa id nisl venenatis lacinia aenean sit amet justo morbi','D8I2v0j6Y.jpeg',618926539,'[{}, {}, {}, {}, {}]','2021-07-16 04:58:17',NULL),(100,1,100,'suspendisse potenti in eleifend quam a odio in hac habitasse platea dictumst maecenas ut','C2EuLlJhe.jpeg',591146641,'[{}]','2021-07-16 04:58:17',NULL);
/*!40000 ALTER TABLE `media` ENABLE KEYS */;
UNLOCK TABLES;

--
-- Table structure for table `media_types`
--

DROP TABLE IF EXISTS `media_types`;
/*!40101 SET @saved_cs_client     = @@character_set_client */;
/*!50503 SET character_set_client = utf8mb4 */;
CREATE TABLE `media_types` (
  `id` bigint unsigned NOT NULL AUTO_INCREMENT,
  `name` varchar(255) DEFAULT NULL,
  `created_at` datetime DEFAULT CURRENT_TIMESTAMP,
  `updated_at` datetime DEFAULT NULL ON UPDATE CURRENT_TIMESTAMP,
  UNIQUE KEY `id` (`id`)
) ENGINE=InnoDB AUTO_INCREMENT=4 DEFAULT CHARSET=utf8mb4 COLLATE=utf8mb4_0900_ai_ci;
/*!40101 SET character_set_client = @saved_cs_client */;

--
-- Dumping data for table `media_types`
--

LOCK TABLES `media_types` WRITE;
/*!40000 ALTER TABLE `media_types` DISABLE KEYS */;
INSERT INTO `media_types` VALUES (1,'photo','2021-01-04 21:14:42','2021-04-01 04:11:07'),(2,'audio','2021-01-19 15:29:19','2021-01-08 15:14:51'),(3,'video','2021-06-13 21:38:07','2021-01-17 01:44:35');
/*!40000 ALTER TABLE `media_types` ENABLE KEYS */;
UNLOCK TABLES;

--
-- Table structure for table `messages`
--

DROP TABLE IF EXISTS `messages`;
/*!40101 SET @saved_cs_client     = @@character_set_client */;
/*!50503 SET character_set_client = utf8mb4 */;
CREATE TABLE `messages` (
  `id` bigint unsigned NOT NULL AUTO_INCREMENT,
  `from_user_id` bigint unsigned NOT NULL,
  `to_user_id` bigint unsigned NOT NULL,
  `body` text,
  `created_at` datetime DEFAULT CURRENT_TIMESTAMP,
  UNIQUE KEY `id` (`id`),
  KEY `from_user_id` (`from_user_id`),
  KEY `to_user_id` (`to_user_id`),
  CONSTRAINT `messages_ibfk_1` FOREIGN KEY (`from_user_id`) REFERENCES `users` (`id`),
  CONSTRAINT `messages_ibfk_2` FOREIGN KEY (`to_user_id`) REFERENCES `users` (`id`)
) ENGINE=InnoDB AUTO_INCREMENT=101 DEFAULT CHARSET=utf8mb4 COLLATE=utf8mb4_0900_ai_ci;
/*!40101 SET character_set_client = @saved_cs_client */;

--
-- Dumping data for table `messages`
--

LOCK TABLES `messages` WRITE;
/*!40000 ALTER TABLE `messages` DISABLE KEYS */;
INSERT INTO `messages` VALUES (1,92,29,'eget massa tempor convallis nulla neque libero convallis eget eleifend luctus ultricies eu nibh quisque id justo','2021-07-16 05:12:10'),(2,37,8,'luctus cum sociis natoque penatibus et magnis dis parturient montes','2021-07-16 05:12:10'),(3,88,70,'lacinia sapien quis libero nullam sit amet turpis elementum ligula vehicula consequat morbi a ipsum integer','2021-07-16 05:12:10'),(4,75,8,'non quam nec dui luctus rutrum nulla tellus in sagittis dui vel nisl','2021-07-16 05:12:10'),(5,47,18,'eget massa tempor convallis nulla neque libero convallis eget eleifend luctus ultricies eu nibh quisque id justo sit amet','2021-07-16 05:12:10'),(7,13,48,'at vulputate vitae nisl aenean lectus pellentesque eget nunc donec quis','2021-07-16 05:12:10'),(8,18,88,'odio curabitur convallis duis consequat dui nec nisi volutpat eleifend donec ut dolor morbi vel lectus in quam','2021-07-16 05:12:10'),(9,45,48,'platea dictumst morbi vestibulum velit id pretium iaculis diam erat fermentum justo nec condimentum neque sapien','2021-07-16 05:12:10'),(11,80,64,'vitae consectetuer eget rutrum at lorem integer tincidunt ante vel ipsum praesent blandit lacinia','2021-07-16 05:12:10'),(12,46,50,'aenean lectus pellentesque eget nunc donec quis orci eget orci vehicula','2021-07-16 05:12:10'),(13,5,12,'posuere cubilia curae duis faucibus accumsan odio curabitur convallis duis consequat dui nec nisi volutpat eleifend donec','2021-07-16 05:12:10'),(14,25,17,'sem mauris laoreet ut rhoncus aliquet pulvinar sed nisl nunc rhoncus dui vel sem sed sagittis','2021-07-16 05:12:10'),(15,36,59,'sit amet eros suspendisse accumsan tortor quis turpis sed ante','2021-07-16 05:12:10'),(16,60,43,'enim blandit mi in porttitor pede justo eu massa donec dapibus duis at velit eu est congue elementum in','2021-07-16 05:12:10'),(17,100,78,'habitasse platea dictumst aliquam augue quam sollicitudin vitae consectetuer eget rutrum','2021-07-16 05:12:10'),(18,50,37,'vestibulum eget vulputate ut ultrices vel augue vestibulum ante ipsum primis in faucibus','2021-07-16 05:12:10'),(19,89,60,'suspendisse potenti nullam porttitor lacus at turpis donec posuere metus vitae ipsum aliquam non mauris','2021-07-16 05:12:10'),(20,100,52,'lacinia erat vestibulum sed magna at nunc commodo placerat praesent blandit nam nulla integer pede justo lacinia eget tincidunt','2021-07-16 05:12:10'),(21,61,45,'at lorem integer tincidunt ante vel ipsum praesent blandit lacinia','2021-07-16 05:12:10'),(22,43,12,'eget tincidunt eget tempus vel pede morbi porttitor lorem id ligula suspendisse ornare consequat lectus in est risus auctor','2021-07-16 05:12:10'),(23,78,9,'faucibus cursus urna ut tellus nulla ut erat id mauris','2021-07-16 05:12:10'),(24,38,24,'sollicitudin ut suscipit a feugiat et eros vestibulum ac est lacinia nisi venenatis tristique fusce congue diam','2021-07-16 05:12:10'),(25,40,56,'rutrum rutrum neque aenean auctor gravida sem praesent id massa','2021-07-16 05:12:10'),(26,37,69,'potenti cras in purus eu magna vulputate luctus cum sociis natoque penatibus et magnis','2021-07-16 05:12:10'),(27,86,2,'lacus at turpis donec posuere metus vitae ipsum aliquam non mauris morbi non lectus aliquam sit amet','2021-07-16 05:12:10'),(28,56,37,'tincidunt ante vel ipsum praesent blandit lacinia erat vestibulum sed magna at nunc commodo placerat praesent blandit nam nulla','2021-07-16 05:12:10'),(29,73,26,'ut at dolor quis odio consequat varius integer ac leo pellentesque ultrices mattis odio donec','2021-07-16 05:12:10'),(30,86,53,'nam dui proin leo odio porttitor id consequat in consequat ut nulla sed','2021-07-16 05:12:10'),(31,56,52,'tempor convallis nulla neque libero convallis eget eleifend luctus ultricies eu nibh quisque id justo sit amet sapien dignissim','2021-07-16 05:12:10'),(32,10,61,'venenatis tristique fusce congue diam id ornare imperdiet sapien urna pretium nisl ut volutpat sapien arcu sed','2021-07-16 05:12:10'),(33,93,58,'nulla ultrices aliquet maecenas leo odio condimentum id luctus nec molestie sed justo pellentesque viverra pede ac diam cras','2021-07-16 05:12:10'),(34,26,38,'nulla facilisi cras non velit nec nisi vulputate nonummy maecenas tincidunt lacus at velit vivamus vel nulla','2021-07-16 05:12:10'),(35,77,2,'curae donec pharetra magna vestibulum aliquet ultrices erat tortor sollicitudin','2021-07-16 05:12:10'),(36,95,41,'lacus at velit vivamus vel nulla eget eros elementum pellentesque quisque','2021-07-16 05:12:10'),(37,58,44,'nullam porttitor lacus at turpis donec posuere metus vitae ipsum aliquam non mauris morbi non lectus aliquam sit','2021-07-16 05:12:10'),(38,48,80,'erat nulla tempus vivamus in felis eu sapien cursus vestibulum proin eu mi nulla ac','2021-07-16 05:12:10'),(39,86,65,'morbi quis tortor id nulla ultrices aliquet maecenas leo odio condimentum','2021-07-16 05:12:10'),(40,78,22,'nunc purus phasellus in felis donec semper sapien a libero nam dui proin leo','2021-07-16 05:12:10'),(41,29,74,'non mauris morbi non lectus aliquam sit amet diam in magna bibendum','2021-07-16 05:12:10'),(42,72,96,'ultrices posuere cubilia curae duis faucibus accumsan odio curabitur convallis duis consequat dui nec nisi volutpat eleifend donec ut dolor','2021-07-16 05:12:10'),(43,82,41,'in lectus pellentesque at nulla suspendisse potenti cras in purus eu magna vulputate luctus cum sociis natoque penatibus et','2021-07-16 05:12:10'),(44,61,43,'maecenas leo odio condimentum id luctus nec molestie sed justo pellentesque','2021-07-16 05:12:10'),(45,44,17,'eget eleifend luctus ultricies eu nibh quisque id justo sit amet sapien dignissim vestibulum vestibulum','2021-07-16 05:12:10'),(46,57,49,'lorem integer tincidunt ante vel ipsum praesent blandit lacinia erat vestibulum sed magna at nunc commodo placerat','2021-07-16 05:12:10'),(47,56,55,'phasellus in felis donec semper sapien a libero nam dui proin leo odio porttitor id consequat in consequat','2021-07-16 05:12:10'),(48,60,45,'donec semper sapien a libero nam dui proin leo odio porttitor id consequat in consequat','2021-07-16 05:12:10'),(49,21,40,'elementum pellentesque quisque porta volutpat erat quisque erat eros viverra eget congue eget semper rutrum nulla','2021-07-16 05:12:10'),(50,92,73,'eu tincidunt in leo maecenas pulvinar lobortis est phasellus sit amet erat nulla tempus vivamus in','2021-07-16 05:12:10'),(51,11,62,'tincidunt nulla mollis molestie lorem quisque ut erat curabitur gravida nisi at nibh in hac habitasse platea dictumst','2021-07-16 05:12:10'),(52,9,52,'convallis nulla neque libero convallis eget eleifend luctus ultricies eu nibh quisque','2021-07-16 05:12:10'),(53,33,33,'duis consequat dui nec nisi volutpat eleifend donec ut dolor morbi vel lectus in quam fringilla','2021-07-16 05:12:10'),(54,11,99,'mattis odio donec vitae nisi nam ultrices libero non mattis pulvinar nulla pede ullamcorper augue','2021-07-16 05:12:10'),(55,40,52,'justo in blandit ultrices enim lorem ipsum dolor sit amet consectetuer adipiscing elit proin','2021-07-16 05:12:10'),(56,49,72,'sapien non mi integer ac neque duis bibendum morbi non quam nec dui luctus rutrum nulla tellus in','2021-07-16 05:12:10'),(57,41,18,'sapien urna pretium nisl ut volutpat sapien arcu sed augue aliquam erat volutpat in congue etiam','2021-07-16 05:12:10'),(58,45,89,'aliquam convallis nunc proin at turpis a pede posuere nonummy integer non velit donec diam','2021-07-16 05:12:10'),(59,8,3,'nisl duis bibendum felis sed interdum venenatis turpis enim blandit','2021-07-16 05:12:10'),(60,88,90,'sollicitudin mi sit amet lobortis sapien sapien non mi integer ac neque duis bibendum morbi non quam nec dui','2021-07-16 05:12:10'),(61,92,84,'amet diam in magna bibendum imperdiet nullam orci pede venenatis','2021-07-16 05:12:10'),(62,74,75,'nunc donec quis orci eget orci vehicula condimentum curabitur in libero ut massa volutpat convallis morbi odio odio','2021-07-16 05:12:10'),(63,83,38,'sollicitudin ut suscipit a feugiat et eros vestibulum ac est lacinia nisi venenatis tristique fusce congue diam id','2021-07-16 05:12:10'),(64,21,39,'semper sapien a libero nam dui proin leo odio porttitor id consequat in consequat','2021-07-16 05:12:10'),(65,13,57,'vivamus in felis eu sapien cursus vestibulum proin eu mi nulla ac enim in tempor turpis','2021-07-16 05:12:10'),(66,58,29,'mauris sit amet eros suspendisse accumsan tortor quis turpis sed ante vivamus tortor','2021-07-16 05:12:10'),(67,51,26,'praesent blandit nam nulla integer pede justo lacinia eget tincidunt eget tempus vel pede morbi porttitor lorem id','2021-07-16 05:12:10'),(68,51,9,'vestibulum proin eu mi nulla ac enim in tempor turpis nec euismod scelerisque quam turpis adipiscing lorem vitae mattis','2021-07-16 05:12:10'),(69,79,75,'maecenas tincidunt lacus at velit vivamus vel nulla eget eros elementum','2021-07-16 05:12:10'),(70,14,100,'mi nulla ac enim in tempor turpis nec euismod scelerisque quam','2021-07-16 05:12:10'),(71,26,5,'aliquam non mauris morbi non lectus aliquam sit amet diam in magna bibendum imperdiet nullam orci pede venenatis non sodales','2021-07-16 05:12:10'),(72,84,62,'ultrices erat tortor sollicitudin mi sit amet lobortis sapien sapien non mi integer ac neque duis bibendum morbi non quam','2021-07-16 05:12:10'),(73,20,17,'tortor risus dapibus augue vel accumsan tellus nisi eu orci mauris lacinia sapien quis libero nullam sit amet turpis elementum','2021-07-16 05:12:10'),(74,53,98,'nec euismod scelerisque quam turpis adipiscing lorem vitae mattis nibh ligula nec sem duis aliquam','2021-07-16 05:12:10'),(75,35,74,'aliquam erat volutpat in congue etiam justo etiam pretium iaculis justo in hac habitasse platea dictumst','2021-07-16 05:12:10'),(76,52,27,'magna vulputate luctus cum sociis natoque penatibus et magnis dis parturient','2021-07-16 05:12:10'),(77,30,20,'nisl nunc rhoncus dui vel sem sed sagittis nam congue risus semper porta','2021-07-16 05:12:10'),(78,16,39,'non lectus aliquam sit amet diam in magna bibendum imperdiet nullam orci pede venenatis non sodales','2021-07-16 05:12:10'),(79,87,43,'eu felis fusce posuere felis sed lacus morbi sem mauris laoreet ut rhoncus aliquet pulvinar sed nisl nunc','2021-07-16 05:12:10'),(80,100,9,'feugiat et eros vestibulum ac est lacinia nisi venenatis tristique fusce congue diam','2021-07-16 05:12:10'),(81,17,85,'massa id nisl venenatis lacinia aenean sit amet justo morbi ut odio cras mi','2021-07-16 05:12:10'),(82,40,2,'nisl nunc nisl duis bibendum felis sed interdum venenatis turpis','2021-07-16 05:12:10'),(83,61,41,'dignissim vestibulum vestibulum ante ipsum primis in faucibus orci luctus','2021-07-16 05:12:10'),(84,31,77,'vitae quam suspendisse potenti nullam porttitor lacus at turpis donec posuere','2021-07-16 05:12:10'),(85,86,4,'auctor gravida sem praesent id massa id nisl venenatis lacinia aenean sit amet','2021-07-16 05:12:10'),(86,84,6,'ante ipsum primis in faucibus orci luctus et ultrices posuere cubilia','2021-07-16 05:12:10'),(87,62,99,'sodales scelerisque mauris sit amet eros suspendisse accumsan tortor quis turpis sed ante','2021-07-16 05:12:10'),(88,95,3,'mi integer ac neque duis bibendum morbi non quam nec dui luctus rutrum nulla tellus','2021-07-16 05:12:10'),(89,27,68,'ut tellus nulla ut erat id mauris vulputate elementum nullam varius nulla facilisi cras non velit','2021-07-16 05:12:10'),(90,82,99,'nunc commodo placerat praesent blandit nam nulla integer pede justo lacinia eget tincidunt eget tempus vel pede morbi porttitor','2021-07-16 05:12:10'),(91,48,43,'nulla sed accumsan felis ut at dolor quis odio consequat varius integer ac leo','2021-07-16 05:12:10'),(92,85,38,'aliquet pulvinar sed nisl nunc rhoncus dui vel sem sed sagittis','2021-07-16 05:12:10'),(93,39,52,'curabitur gravida nisi at nibh in hac habitasse platea dictumst aliquam augue quam sollicitudin vitae','2021-07-16 05:12:10'),(94,94,83,'nisl duis ac nibh fusce lacus purus aliquet at feugiat non pretium quis lectus','2021-07-16 05:12:10'),(95,96,53,'amet nulla quisque arcu libero rutrum ac lobortis vel dapibus at diam nam tristique','2021-07-16 05:12:10'),(96,20,93,'sapien cum sociis natoque penatibus et magnis dis parturient montes nascetur ridiculus','2021-07-16 05:12:10'),(97,14,19,'interdum eu tincidunt in leo maecenas pulvinar lobortis est phasellus sit amet erat nulla tempus vivamus','2021-07-16 05:12:10'),(98,98,25,'quis lectus suspendisse potenti in eleifend quam a odio in hac habitasse platea dictumst maecenas ut massa quis augue','2021-07-16 05:12:10'),(99,54,84,'amet lobortis sapien sapien non mi integer ac neque duis bibendum morbi non','2021-07-16 05:12:10'),(100,96,6,'platea dictumst etiam faucibus cursus urna ut tellus nulla ut erat id mauris vulputate elementum nullam varius nulla','2021-07-16 05:12:10');
/*!40000 ALTER TABLE `messages` ENABLE KEYS */;
UNLOCK TABLES;

--
-- Table structure for table `photo_albums`
--

DROP TABLE IF EXISTS `photo_albums`;
/*!40101 SET @saved_cs_client     = @@character_set_client */;
/*!50503 SET character_set_client = utf8mb4 */;
CREATE TABLE `photo_albums` (
  `id` bigint unsigned NOT NULL AUTO_INCREMENT,
  `name` varchar(255) DEFAULT NULL,
  `user_id` bigint unsigned DEFAULT NULL,
  PRIMARY KEY (`id`),
  UNIQUE KEY `id` (`id`),
  KEY `user_id` (`user_id`),
  CONSTRAINT `photo_albums_ibfk_1` FOREIGN KEY (`user_id`) REFERENCES `users` (`id`)
) ENGINE=InnoDB AUTO_INCREMENT=1001 DEFAULT CHARSET=utf8mb4 COLLATE=utf8mb4_0900_ai_ci;
/*!40101 SET character_set_client = @saved_cs_client */;

--
-- Dumping data for table `photo_albums`
--

LOCK TABLES `photo_albums` WRITE;
/*!40000 ALTER TABLE `photo_albums` DISABLE KEYS */;
INSERT INTO `photo_albums` VALUES (1,'w2NJQFYPqiu4',83),(2,'rOK6eFUTCKq4',53),(3,'pFOeIV6KHbLY',62),(4,'3E4p81IMyyiO',45),(5,'mFcvG5qIhzjQ',84),(6,'j4XirgSd9GS6',23),(7,'xCLlyLytIq9h',55),(8,'bEzQaKj7jyf1',11),(9,'i221ajIHAQKO',81),(10,'cyc3v2pXTJf5',91),(11,'nfdLDElSl1Ck',1),(12,'oW5vRJxtfTGw',10),(13,'FAEJtqVldnTq',37),(14,'vmgnSEGxqk2C',82),(15,'l14EmOqW30xW',82),(16,'Gn7LwlFy6ERC',29),(17,'fmYwUPrFCy9h',78),(18,'2NB7Zy0w6nLR',86),(19,'Iz6nkrAL3tLl',38),(20,'1udVzD6xbIhj',57),(21,'igO0lXXT0PSa',24),(22,'gGfBa4RKZBHX',93),(23,'NpYoeoJGYYAc',49),(24,'UqvA0alvQSzK',51),(25,'W6JUcnzfbRs8',46),(26,'rA2rdxBGGw2W',24),(27,'sctp33yIHX3v',98),(28,'Wki6Jq4UqZjk',46),(29,'Lwd2c0iRJL8E',73),(30,'ipSxIPk89utZ',20),(31,'aeKQ2mtUYYJt',34),(32,'ULliWkFVV3wV',79),(33,'7wLo4R5I17EJ',11),(34,'jjkUeDnl93Yv',35),(35,'FXyx3uBMyVAt',85),(36,'irseUD9bgJaa',14),(37,'ziDPznbrHpuY',26),(38,'IVYc9keMGLTr',95),(39,'Rg3m2rVLPSW4',2),(40,'ecOS6gCUfLX5',52),(41,'WQLUWqRoVVZR',25),(42,'OochG7a2lWXE',38),(43,'qBUZDC0IUM7p',86),(44,'iKSyKG030Pcl',31),(45,'IORRQVK3FrXz',34),(46,'jLk7VGZqALqj',88),(47,'1Vax1YmybQAw',46),(48,'3KL27hbHMz3G',77),(49,'GIndn1AkbF2D',43),(50,'BlYOxRZJwdCW',65),(51,'gVdQtQmRJaYR',81),(52,'BFosHquHeGkZ',13),(53,'3bjR24JScc36',22),(54,'lW5LQ0JCNIMG',44),(55,'Cv7mP3dXdeUv',17),(56,'PDq3H1ZfYc9o',2),(57,'0SjN6RJ2xArY',77),(58,'dRfzXppfjSfs',58),(59,'y7iNhUnChca1',78),(60,'OuUBx2D8ytMq',44),(61,'mkVxbPZX1QcQ',67),(62,'hBdPpFT2X27J',41),(63,'Uiap9hARPk57',14),(64,'0UAuEgOS9hkr',66),(65,'PdrbjEjD4l8z',76),(66,'Wvn1rTPzrFZl',3),(67,'G7F4iNX7n1mN',14),(68,'fU1mwFvmISF5',91),(69,'VtcEgkueXkHr',93),(70,'pxAm2dGQcMuJ',82),(71,'Jd0O0KmdUI34',65),(72,'hp1xav54HyL5',92),(73,'93oHEC2J7Wi4',11),(74,'8EcYcGGqPfJF',71),(75,'B5rnLpA4IqOB',20),(76,'y5EyE2AWasyl',83),(77,'LENL71ghb9He',80),(78,'ANSevA8MsL2k',52),(79,'iRgVED9vFg0Q',66),(80,'6Wg1f0IaFW9w',78),(81,'bYcxvlPuWIsV',18),(82,'nDrdlswGPZqi',45),(83,'dSyA58TUe5oZ',9),(84,'8xBFvf8N70hb',21),(85,'B4s1Pr1RBXS7',15),(86,'stbK1FK1WUa7',74),(87,'f7ektHqRuSQ8',30),(88,'ygGkWbXSeGHP',19),(89,'HT1t5KglBkHE',43),(90,'9vpsxNBIWJyq',56),(91,'lJsWmDeDRMzL',91),(92,'64fWG4NvhqPz',79),(93,'Cr9CrwF79zh3',93),(94,'mKiPwcARXTpq',80),(95,'x0OAZeLlGDyG',99),(96,'SI2eLaluSmKT',76),(97,'z5U2X8vu7ish',54),(98,'A001Jrf1iXo9',63),(99,'7u5x9QgS4BCI',1),(100,'BZjf4Jjjrf6r',85),(101,'43B6qLanenio',94),(102,'vBFRmPAIYAUN',67),(103,'v1EYnycIiyCO',29),(104,'HNiOpuO54fZ7',24),(105,'KAhLjdDNsJeX',87),(106,'03C6JdcCX1OU',55),(107,'7Zi7jq6tBt9T',22),(108,'N7K9MiHNeQSm',5),(109,'HiYNfX7PoRwj',45),(110,'tJUtzOiq1FYd',25),(111,'CkiGAMuXfH6i',65),(112,'ZWVkDJ2hMc6A',69),(113,'i0KgQrqpsbmW',72),(114,'Z5fpzYmgwKU8',29),(115,'ev7yUokIHBcM',65),(116,'nuBKtGF0pfy1',40),(117,'LEXVGWK9Ua2D',88),(118,'2uzgoFCDezlP',51),(119,'SREdfD7PHQwl',43),(120,'PPEDV1dkC0ZY',21),(121,'gVf5ZItkTBzw',40),(122,'GwK454O1LZd0',86),(123,'wNyX1BD1g9pv',16),(124,'Dx5ro0H5LZw4',100),(125,'4ey5rTLKOgpZ',32),(126,'da8vB3MPhHfq',96),(127,'fMZhxxIbnNBn',70),(128,'xi0FZx5XvfHL',74),(129,'PR8rLcqbG5k7',84),(130,'bUwUiOf5I9Tk',13),(131,'WzMyoboGmHmw',23),(132,'hsVQhm8geNyx',90),(133,'GWtLn6HsJ865',34),(134,'gXeyDOzFG38V',44),(135,'Nudc12Zj59Pg',54),(136,'AeazXp2i0Inw',16),(137,'NDulXEub5nPf',35),(138,'NOrD9Ed8dPiF',60),(139,'STtKIBO2qpGx',39),(140,'eSjLRbQMknTz',67),(141,'OgL1yQwTLrPo',6),(142,'ATvJ4vqaQlL3',39),(143,'U0SEEAQa89iz',15),(144,'6AJZHchGDy8d',7),(145,'jaiNP7azVpL6',2),(146,'J2Kpja1piyi8',69),(147,'bSTIPsTZd7EH',18),(148,'bAmUP3HQV1dv',38),(149,'Bva5V0DLJWwK',78),(150,'E6mmMxf5HgY8',12),(151,'mt7ZTwmHgcTY',16),(152,'abdSQWwNzgua',69),(153,'P0G6C6LAa4JV',38),(154,'tKgLTCAwin0m',99),(155,'kfbh82V3OUcq',1),(156,'FCZ1s15qbtBO',19),(157,'sey5fuT2Y7GK',39),(158,'09oANxMYrlCx',83),(159,'FcS7pxG7sXTn',90),(160,'jASQHbE5QXTh',49),(161,'e1VKRFJ0KbSP',64),(162,'FKXLApPr6riK',29),(163,'vC6epNW8T3sA',46),(164,'IjzBwgKgeVMQ',63),(165,'fyfhR80cHk4e',52),(166,'g4zhjqdwHgLi',3),(167,'5IXt9aA4QmtP',81),(168,'arJzsi0X9L0N',42),(169,'cMWicmFJQ4CV',80),(170,'kWeX8hsMRt2a',39),(171,'yfbRefet8zQY',28),(172,'ZUJjUdj0mUsw',72),(173,'1wMI1TcMHQEt',20),(174,'8gAZ1APN4yFf',9),(175,'ZN6jAEfmISxF',36),(176,'qJWogDbz8ot4',9),(177,'WPMUHyGXGgvF',48),(178,'fIeO2bv11nqq',58),(179,'7nVXn74Ozqeb',71),(180,'0yru9aZO1YH8',2),(181,'XFRQzztkWrBf',37),(182,'SffxUikhOdZz',95),(183,'BVLbox31h2wI',18),(184,'YGrQTdn82qrW',21),(185,'xGowvBMu3zZW',69),(186,'8o5HazJPMpOP',23),(187,'rboSLBqnOY26',45),(188,'BLRBWWeAHATS',89),(189,'iJ0jwZlsGybp',37),(190,'CSJhtQjaNL4h',100),(191,'dKwjQgrhgxO7',33),(192,'tcvPRD3WDLBF',40),(193,'taOvwjujA1Fj',28),(194,'Nk1x0JmdnPIq',60),(195,'NHUfIdaohIDH',41),(196,'kGhjcAB6QCbd',13),(197,'LdUBRy1T78FL',40),(198,'VFtxlPyCPbRZ',48),(199,'14egso9bVwrQ',4),(200,'LWE0AA7CCYxu',82),(201,'fVMRWPArAn0c',8),(202,'mJCLxRQhdvqW',30),(203,'ygMFdHd8ISS0',66),(204,'IPhGHtBbCbJp',67),(205,'IxpEx9fYeJMq',78),(206,'DISoLtKk7VWP',22),(207,'NCV7aFrWtLeY',72),(208,'U27yMRF0sPH3',57),(209,'JSHVXdjxYFy9',57),(210,'vVRZD3Q6tScT',43),(211,'w8eAJozidv7w',81),(212,'qtgiNzVNks6y',10),(213,'89tPWpd4zkvT',86),(214,'68Kzq8cYasPV',73),(215,'cM8OPDHx2cHQ',45),(216,'URwZNZA48fp2',30),(217,'lPRBeukBQxhw',53),(218,'qeLsxvGkZMIc',91),(219,'iPti9fXVVuf2',14),(220,'Tc3khNq1ValJ',73),(221,'nm9953RRVagJ',96),(222,'ZBanQdOtjyf3',55),(223,'71RapfPu4RnU',8),(224,'DG7UDry8zirR',31),(225,'doKfUl383951',100),(226,'TkKs8Yb9BVY6',10),(227,'vCM06BzlY4DR',39),(228,'09oUkZR8FyaK',97),(229,'BZpKMKVgZc8y',78),(230,'Gd7t7m97tDPG',76),(231,'D0pcfHWvKjQl',95),(232,'B3zVrJiTXtmZ',88),(233,'zlRYdRDrbXAb',87),(234,'MzUgZyODcVDg',49),(235,'pVm9vdPNifLR',33),(236,'JmphIx52xTrR',88),(237,'xp2aUoj9BLIP',25),(238,'nvFlZ6jmGA8w',21),(239,'GmhI9FIYrnR6',29),(240,'b34YI2b0ZK72',21),(241,'4Ids78B1YocQ',13),(242,'HyQFzc8Wcl8P',65),(243,'EusTe1Wg9d0r',40),(244,'4aSnst2ZtlQL',84),(245,'tlL5cV2MUxWf',8),(246,'1MdjGf8Y9hbt',60),(247,'pZo8dnpn50Vt',1),(248,'DvM1rPbu2X5q',54),(249,'EOFH9xTIbtCq',14),(250,'aYVnP6W0S1qz',13),(251,'K2I87DmXLLb5',43),(252,'g9Vg1FN9cnaV',70),(253,'2LSRtIU7sgnl',83),(254,'JBWkHUvEooWm',43),(255,'mzIYmveeNEQT',11),(256,'hFQdfLHGhTEe',98),(257,'482XganMQJmh',24),(258,'zQ6z8zqM2FPe',27),(259,'0fwoOfBqphS7',7),(260,'uu1iMO7tC6pT',22),(261,'7PXH7L9KApmg',37),(262,'W8pszNdhikGC',39),(263,'MVzuSKJHPZaK',70),(264,'E2Qn1NlrNi6Y',84),(265,'wAuoBOs92KHv',81),(266,'JnBD4vrsL4pY',33),(267,'zuwFZY12gU0q',50),(268,'Egjs6IzEASzN',3),(269,'8EbENcw7iEzX',29),(270,'NWfdj6UtGMhu',56),(271,'hH3Ltd2CpYxg',16),(272,'vcCZy94aU0JL',16),(273,'xn0JwlnOSAAe',12),(274,'oZCHzLHrhluD',43),(275,'PRuaBPscuOoP',77),(276,'5fJKFVAwHTIn',93),(277,'ufmn2Pox0zzm',36),(278,'AobTvaq8GpQl',32),(279,'f7Oq2BDC7oed',34),(280,'f2hrilbRoGkR',34),(281,'FKwIjEgNkV4V',62),(282,'9QphHh23iRXX',98),(283,'kFJDznpvLr2N',74),(284,'IoTqTQUON3hv',45),(285,'vQm3F0wrgzvR',71),(286,'k3SaZFTdxq42',77),(287,'Xdw6J6qu7lUL',6),(288,'MC5bswFt1igP',2),(289,'VvW8rsEp1SQk',12),(290,'cNDCn0pSIWRy',68),(291,'iOW1FFyQmPHS',96),(292,'ZauV4KRMsgVj',95),(293,'BjFA4ImewiZV',84),(294,'wgHipTNmeeE2',87),(295,'dOCKoqnSm26t',28),(296,'VMmeQxODxP8s',39),(297,'rCOuCOiYgDQi',62),(298,'VYah5BVI2rnz',36),(299,'pPB9Ns5OepwD',7),(300,'1K5QQQroWPcw',14),(301,'GtcG9SthpJaA',91),(302,'2ntKM2pQD0Ik',6),(303,'2CYFT6UK3NQ3',91),(304,'SRKuHRC3yJKh',85),(305,'opDOW1EzDNTl',82),(306,'L0IDouf8JhYl',16),(307,'5Zw5ARAGNHUy',19),(308,'rwqq5VlVhbqE',5),(309,'6Fd09snvZpIs',73),(310,'kVLZBtLaIJXU',1),(311,'supkdRFYaV3S',100),(312,'au0LaQODIPvW',80),(313,'djAU5frAwNBM',84),(314,'pvRgUHigHy1L',98),(315,'pUHvGRMwlmDH',3),(316,'SFnnTpgQYI3K',86),(317,'XEj3WbrpISVq',1),(318,'e4SrosvsI1mU',35),(319,'C2hFetCv0Sgn',95),(320,'70KchaWg3vrQ',89),(321,'9jSirdrnzCjW',10),(322,'A75Ba3YvH03Q',7),(323,'8c0xHhQnwZoG',2),(324,'v22Bg5m7tSyI',67),(325,'tfkCsSh055Vs',72),(326,'tHzRBu7JqMfH',29),(327,'1KwuGLEZa07W',27),(328,'4m6B1JYW6kLz',54),(329,'EUmU1o8UOA2x',19),(330,'SPMla7ZtUtE0',4),(331,'mcjHRsEIoXve',7),(332,'QOpUNhk5yP9E',53),(333,'ij7sCjtyuEjb',25),(334,'L40mHgPhAvEI',72),(335,'fvqbf6FuuV4T',55),(336,'hn5IOttYsIEK',85),(337,'JzRPa3CUQ2m9',3),(338,'hIHduwSMB0JR',60),(339,'H8kQJg6Zstio',55),(340,'0vu3q7vSB3sr',47),(341,'G9btdkhRSghZ',12),(342,'YFqW8vRQZuWB',100),(343,'aC7A1e9A6ZCI',90),(344,'7uhHzijmx48g',25),(345,'drPbs0Bs7kk4',43),(346,'z6FAy4hogKkB',84),(347,'GIFuOL6mrbVx',44),(348,'ls7iDYQ3efTm',76),(349,'nTNGKHQwEMSI',34),(350,'LtzLyPDkHUJ0',50),(351,'ql9r695RPDeD',21),(352,'sPljyFFwFani',25),(353,'ab3EdKtScgVa',18),(354,'PwC9zsHbgdoT',92),(355,'tdyVVRZtfKBD',51),(356,'X3Z5Lbzv7LoD',97),(357,'S8h64iYl4d1d',74),(358,'QFEFI0cnysBh',29),(359,'dp1AjFa7XZKP',93),(360,'Y8iDQwlVKuRY',96),(361,'ebFZM1iP0m2A',90),(362,'ZOd5kpC5BA3x',44),(363,'7uYaQY4UMBNP',100),(364,'2KvTfgs3hWgh',68),(365,'VUjRYZGzgZMK',79),(366,'KKpUswXlwSkw',32),(367,'0UChEXZ13WWx',83),(368,'bjE4KHi91W52',21),(369,'RMjmALd9nFWI',75),(370,'XSYCU6rUW448',79),(371,'oRKa32MYRn4D',32),(372,'ujxFas2sTUR9',32),(373,'LJwSI1MIjHXJ',71),(374,'ChuZYe64ufLh',54),(375,'s0HxhCwKJn2P',68),(376,'EYC5lvT4Cnel',33),(377,'eO3iBI9rkpWv',18),(378,'iXauctsbeFkD',73),(379,'sc9HYOdRwnfD',100),(380,'GURekLODKXnz',15),(381,'YiHFnLgb3q4y',91),(382,'GPIJG9CDgYyc',96),(383,'7n55APLI44e8',63),(384,'RJDNatfVDI9U',68),(385,'LDaGEWlBTcpj',68),(386,'nsFcEly3yM69',24),(387,'mamDpA8kgCT6',96),(388,'peQZgsZGCOVD',86),(389,'GInBJfubabv5',89),(390,'YwB98Qf6LqUl',75),(391,'9WG7qCiKkpsN',50),(392,'YIN8ZRnhDGPt',33),(393,'JQR0IcYn4Vux',40),(394,'6GAWkZEjlLPN',95),(395,'uUVDA1hB2bEZ',66),(396,'D5GXJYi5l5rb',84),(397,'DCt6HGhnHCLa',69),(398,'dn0zVtiUZSTg',79),(399,'eQWYOosRscQQ',69),(400,'pL54ns9EOp6b',49),(401,'PrL775V82X8Q',72),(402,'lV1jibH8s9Bf',17),(403,'bklks7eJoGmQ',89),(404,'M6t00ibVO3un',43),(405,'RLPlXRrse8Ki',50),(406,'yX3s0PhIE397',75),(407,'lmSai0GwfoVL',61),(408,'ddR36LV0gtzV',54),(409,'DN7nKAlXx51H',21),(410,'fF48VPh34Vvm',12),(411,'jLsAzfb43Jc3',15),(412,'ds2bgN6NpQaL',42),(413,'Fq4vgEgqtX58',15),(414,'BsEpP8UhbMbS',93),(415,'mOwlPF0vPQsB',73),(416,'o9TKdHDyGKpy',91),(417,'hugT13YuPrFo',35),(418,'cn3aWMxL5I8P',45),(419,'nDTxHHjSbMnA',75),(420,'VURqC3CVxOhC',85),(421,'MByZidNwV9rx',67),(422,'mhNcoOJBM5Cj',82),(423,'iVXCa7mcf3yq',76),(424,'NossDhlzunaM',84),(425,'RyEUTVGM8KNX',98),(426,'BGrkgOWjUVPy',75),(427,'fu3LQAGKDYqZ',13),(428,'EPr4vv86osQH',72),(429,'GUXdBsajk96h',26),(430,'HdPn8Acf1SNO',20),(431,'NqRgAhFCgN1u',10),(432,'6pOFvWUxzHY3',95),(433,'2AESNYWkcyVF',49),(434,'vpk1IcnllYBF',59),(435,'AyGtlOQXUOC4',69),(436,'wKb4G3CIyVdD',13),(437,'foHSVfQB84in',58),(438,'lHEGI7uTov8I',11),(439,'2DB6Vgf0zsGC',39),(440,'AIvh4QOmsOCE',10),(441,'o19x3z48YxY4',12),(442,'2DUsgTeSohYv',40),(443,'ZqpF1dJK35vo',25),(444,'FJvCPCEGYwTI',98),(445,'B8QwFLGtkav1',39),(446,'Z3cctZFapsDQ',52),(447,'OZn9p8LnDuBL',5),(448,'yGe1kxcrqDvj',82),(449,'odUdJyYkaofw',29),(450,'NYDz15piAEK5',56),(451,'cTxuGPPYkZ1t',17),(452,'2AvgqtjsGCD0',47),(453,'wtSOLucdv1Mq',45),(454,'4EQbe2ajTVyn',16),(455,'5vv4OCG8bIVV',25),(456,'VXOKKsTVycYw',30),(457,'QtYwj9UNLywt',63),(458,'PqwJdsnp836V',27),(459,'41MaA8NveobN',85),(460,'e7lOvXAVHbBr',49),(461,'Rq0gYmMQF98c',77),(462,'p6hx4bL5Bk7a',94),(463,'ADYZl2G4NoG0',99),(464,'sbG75zlIPDPf',75),(465,'RD7sQhYFyZZ6',89),(466,'JDXX7k8yJqlW',29),(467,'VD3hAtrppSjU',7),(468,'v0hBLtG8w8fy',4),(469,'XFQGtjkGF75z',91),(470,'fBLWEa4SsSJ4',21),(471,'lXJvWQSmURyN',69),(472,'uF6GCaHC53J1',83),(473,'jIxXMwpVQhkO',1),(474,'BshhWDCeCXNt',31),(475,'6YsjAPyAFwYu',2),(476,'MqiHsuvnpes4',49),(477,'39EFw87yuoWS',48),(478,'IHkESUFda2Fm',36),(479,'xBEzIETxqnbc',71),(480,'7nvOIUh6YllH',50),(481,'7I3sYW2kdKJa',21),(482,'Q7iKBTOI8mOD',78),(483,'nrgmhrjGE7VW',92),(484,'6XHaXXweYQps',37),(485,'q5c7wh4enVq2',58),(486,'uICptj538vK3',100),(487,'MKdvu5OBxUDV',20),(488,'bVyDQpVzwAKU',4),(489,'jClRaNio4nUC',86),(490,'A8cYlaJg8nia',76),(491,'prguW3zUZ8bV',55),(492,'o9SRmZQlf5WE',90),(493,'8x4nOguLXv8L',61),(494,'9yXPQP0iMOE0',26),(495,'M06j5iithOuT',74),(496,'c9AsOPG9usRQ',95),(497,'NcM2Ql1mSxrK',90),(498,'OSYumWmXDP7C',85),(499,'5B8KpO4T4Hzu',38),(500,'yMRiypDzNsGJ',72),(501,'W6qM7dFYJMRp',46),(502,'TZJyA4EH223s',84),(503,'iLznUC3CGTfB',99),(504,'rkZjdOL24orF',18),(505,'f3LzE5xrtXBA',61),(506,'JUxJA4g4HBJe',11),(507,'b6jT9SPIy60P',17),(508,'1VjSY8IE4ZF1',13),(509,'Ci0dVwWsfmMm',50),(510,'cUYdnLCgIhPT',88),(511,'6tjSNztUCUWx',73),(512,'LNqfZeAOROA7',95),(513,'pPyvBOVxSY9f',66),(514,'Yi4gzWcl7pel',28),(515,'0fLQ6lYvxmQi',37),(516,'qw1qQJnkokjY',9),(517,'ltZgfSg7sh5q',25),(518,'0SuwwwyN3xiH',79),(519,'aJ1TaM4Is0MA',90),(520,'041dIUBq3GQQ',61),(521,'dnq8D7XuyxGS',12),(522,'vw2uKTvRmPrr',97),(523,'6buOfeM7Dbg4',12),(524,'H113g4aExguj',9),(525,'PNfO30LEBve0',10),(526,'9qi9qSow328k',99),(527,'kC0gc4X9L7AD',82),(528,'SBpOf6aTv0c0',67),(529,'ACQf2UP8vlQ8',34),(530,'rO0WjxrdyyI2',73),(531,'R5eyYBHjmjAw',38),(532,'0aJusTywWzwx',69),(533,'I5xwOL0c2s16',3),(534,'mIfQdUssSmXU',74),(535,'FqSIXMEy1kip',85),(536,'3yPtpRTJaE5v',88),(537,'gwEP34u6gPdR',56),(538,'hnxaJNVfNqIZ',75),(539,'pfZfloXbTSFn',6),(540,'L2v5O2u4PXWj',43),(541,'CHdg7Dnw4v6r',30),(542,'v80ynzCkP3iF',56),(543,'zcS6NjwWcm7i',96),(544,'BZH99eH8U32Z',17),(545,'N07huJJKsLJi',96),(546,'STLlxagrOAyg',45),(547,'kyw4IIVPvZXm',78),(548,'A6a4ZpzFWnGE',26),(549,'JVhgsu3DsYMm',96),(550,'G0qkxbfALr07',24),(551,'114yKxBkZuZV',93),(552,'XKdRuEeJeAiQ',64),(553,'yauLErN6N1zQ',45),(554,'lytLOlVqSmxJ',77),(555,'JYJe2Jy441LH',49),(556,'suPg91s9HgBF',64),(557,'gsVpIBIkbyGU',86),(558,'eoVHM9gFQr1I',73),(559,'C11Rg3BKG6uV',52),(560,'5Bz6oH7poYDX',59),(561,'DUNAFXRwT3Aw',87),(562,'DVFk9kmTxFNh',45),(563,'xqluJaRQyQF1',55),(564,'5mQlVqo1aHg0',4),(565,'fux3E9WkFz95',55),(566,'xsa4MsjR82jE',68),(567,'5MAQa36BXpJv',47),(568,'JxcIu8KTb3Hb',83),(569,'pj3bZN9KKNgu',31),(570,'PljMQb2aSz7j',68),(571,'o9lQ65nF5A64',11),(572,'IHYRqfWnAiio',78),(573,'GIOoSkRNKTqQ',28),(574,'EHjiqv924rob',17),(575,'1y35NmMZLh1s',73),(576,'0oHtgDflHOCM',67),(577,'qKAu04aMBQQu',72),(578,'1sBAHm3X9ho8',93),(579,'781r2Vb92Kki',49),(580,'TeoFGBwyQoFe',94),(581,'zhOmwdAIHhbJ',85),(582,'1geoNieq4xdL',40),(583,'JIhnNGw65owA',16),(584,'yf7kgQHoUygd',20),(585,'DVLwFPYJ1857',29),(586,'J3am0HtsbtRu',35),(587,'wejpC3FAz2hx',57),(588,'lzyxn1T2B4IH',56),(589,'1Y2jefAIztNW',27),(590,'aqjmyr9QqG3R',38),(591,'2hjWGLlCOAJr',37),(592,'lGmK0Sip30GL',82),(593,'gFwT0pS0wQ3p',14),(594,'YW3vrdJ8ZHu6',5),(595,'mfsOg9228xrp',11),(596,'aAMnelNuAvjo',15),(597,'HypeOAhdlSWV',88),(598,'807re69AevJ6',52),(599,'MrGWm7I4SVQB',56),(600,'zMbkafK34kwO',72),(601,'CWcUUFMJB3Xk',98),(602,'YBHt2rlG4erp',14),(603,'3pMoivI64Dqt',65),(604,'4LhH4dkDWCRY',51),(605,'NUkbyfFQmlhh',3),(606,'mcv5nTvwaGvZ',62),(607,'p3u4ftWItGOi',58),(608,'98IF9lvUL10Q',9),(609,'6FjLSDPuLnDX',89),(610,'zOCHDGP79IWo',61),(611,'QvcAnExWEIl6',14),(612,'0CtGG5JRA1rg',39),(613,'p4PF9Ki4ImhQ',97),(614,'ztOg78Pkq0vz',88),(615,'qjfFSb0Is9U1',42),(616,'1D1Im5H2j0QT',28),(617,'Bo4p46dyjA8T',35),(618,'bM5sssC7Zqma',67),(619,'w76FDiJE4ymZ',27),(620,'WrvbLNYNUkG6',96),(621,'YBZLAojyQ5ex',13),(622,'H07S1cYvCqkQ',97),(623,'yj6gIkawvxA1',28),(624,'aAt6QkU4IRcj',37),(625,'z1PDyKXc73BT',70),(626,'XAFtLDzs8OKk',69),(627,'sYpc9F7Mo0GY',45),(628,'Ns3L8Wy9r4ez',78),(629,'gcFdVoXfO19j',92),(630,'6LrbiKT5Igdq',75),(631,'ZbkiLogCZzhl',28),(632,'aWMR9CcMFVza',80),(633,'U1fyrhnZvl2R',59),(634,'cjjv8GwZm2UR',31),(635,'X8ZIicPuYGg7',96),(636,'L0CL2l3zhEN1',87),(637,'yHjidB1ky85e',94),(638,'0eXIQkSj17tO',51),(639,'OJcG1yMyZG4B',10),(640,'N6V1AedooLup',75),(641,'YrKVe0vxKJ3N',31),(642,'lML8sAgxrxOw',42),(643,'FL16MWYpMDzt',8),(644,'CyanXjRnfK9j',25),(645,'973Ia1q7djpc',86),(646,'nZaCsQZY2CY6',52),(647,'NkhTezjxyU6z',80),(648,'CZ5n5gbj69dI',16),(649,'QdDxsK0bAdsr',99),(650,'c9AiXW57cPQ5',33),(651,'khNB3rgfbwMC',82),(652,'d4TJ1U3fYL1U',83),(653,'mJOCR1FJbr1U',34),(654,'JgK07vEvcOMO',34),(655,'fT7CUxgGPf9a',89),(656,'PnJqfA6blwpc',39),(657,'fftreZGtG0bd',56),(658,'df0xhlAzSXS2',12),(659,'xblC73qouBRG',74),(660,'0sXlezloKxrU',2),(661,'Ixr0ohsYsV1S',29),(662,'wiRhxRyqepyp',67),(663,'aQDc6tg5yoUY',62),(664,'bcxHccO6eP01',90),(665,'nIUuanjHXSjb',4),(666,'VhVZ8UzGSRqR',42),(667,'oADLellkhEQb',2),(668,'MCHozLdhiYmy',68),(669,'UBeR7BbVE3iC',43),(670,'2Ng1GQcBGqMw',61),(671,'oHeEQGupZk3b',100),(672,'H8JIFas6xRNW',37),(673,'c1MrMoedz77R',77),(674,'WkmIpTFnNX4S',58),(675,'34IqsXbIDj83',67),(676,'d2e5gwtPhRSn',5),(677,'KSvuaMs39PSZ',75),(678,'6adnPywmcWYk',37),(679,'zbx8G6uzXKB7',97),(680,'WdOD5eBbhosX',7),(681,'ZJjkSt8QgF69',37),(682,'vpRGqvUMaPgV',72),(683,'Go0At44gQ1fT',51),(684,'C3oHVl6JltV7',63),(685,'jBgL4qpLRK9I',59),(686,'4ue5jTq3lTy7',41),(687,'yQ6qQZn6gJZa',57),(688,'tjpb2W9erX6w',35),(689,'aeNA7uqsV670',74),(690,'gzORqrNyrL8P',88),(691,'8D6cKVwS1r70',82),(692,'o8GqMiIX0VUR',13),(693,'bjBdO09Itmdb',82),(694,'SyPrbt6Kgc8A',76),(695,'gI7MAYO3I2wf',82),(696,'PkVhnOHIEoPh',37),(697,'ivQJk0beHrZ7',87),(698,'BgeHfh3AbR1U',9),(699,'wZQY0JAzLE9y',13),(700,'ZGMdVPhPeZAK',52),(701,'5oqlPQJJYg7b',76),(702,'ZdF9kUJlBbco',64),(703,'Pyj9UYC1m9K9',15),(704,'UvNh43tfki3M',21),(705,'XafaqM6JJTmP',14),(706,'DjvfNuRnPSgZ',44),(707,'e38QCgjmIqJ0',48),(708,'M45kIZI1GgCv',4),(709,'19CQ3fufTURB',26),(710,'wsESee0doGPv',80),(711,'zvTcm0LWOR3I',30),(712,'w425KVFujxlN',38),(713,'55SdCcLrXW2F',85),(714,'plENFlHPlI3A',10),(715,'FUMpLrexQKsj',90),(716,'4rEmqOhiNj8N',26),(717,'f9ZfGkazxsq1',7),(718,'Zqe8Oapl2uqN',16),(719,'EqeYf2FpLgcy',51),(720,'nMVoY81b9IKv',4),(721,'XWThFuGAJbJk',40),(722,'sH0FE9a1ltBy',25),(723,'tWJOtpi9oihP',43),(724,'bj0xUpdH7wyU',51),(725,'Kp1iB3XHNstu',61),(726,'Y3PLbGqW5Y9H',28),(727,'PkP2uDwnh9DG',89),(728,'TcMbjFndLT15',36),(729,'BPSgYwbAkAte',35),(730,'nYt6uOd9jmur',21),(731,'6UiguidkiN9y',41),(732,'HzAEk5WKhaW4',29),(733,'x9gjhGe6lk4E',59),(734,'q4drvLT4LXuz',56),(735,'4lDimVmMWdYM',47),(736,'foOnXdpgy7vR',46),(737,'vSDQcl5czSsv',5),(738,'Ny5IqtJoGKq5',90),(739,'fiDTPMg3DqEP',87),(740,'MXQeOzUHVjRU',42),(741,'nyu04ZG6ymrO',36),(742,'FoVTTzpYmgZo',65),(743,'7gMwx5x6DmJR',42),(744,'nwqnltMJiEgU',87),(745,'G8Sm7TyzAxjN',45),(746,'cFNHLDpa5Y4U',40),(747,'D6qdpOITTGax',99),(748,'ce7fboRFKHw3',27),(749,'GhhnLtQsXlDx',70),(750,'aocmYvqyQm4P',38),(751,'Ub5CzWuYlKJt',41),(752,'6ZrYARBDtLBQ',70),(753,'ciEiNrRKjBH5',44),(754,'RT7CFGqkE8nM',99),(755,'atAxMDFFselK',90),(756,'HyXMn4NPstSw',28),(757,'eWkdIoyW6NWS',3),(758,'0sfvEGzevL6M',88),(759,'D9CHanrCzKpM',73),(760,'e2hgPxaH5GHb',38),(761,'3nhvdUinSUiv',68),(762,'G1He6OPz4bQP',82),(763,'NCgD8FlKZcCJ',83),(764,'rCbdY0p2Y61s',87),(765,'JGeX7S0dHVQf',77),(766,'WJ1ClBxe0jQp',74),(767,'oFXqBVXaCor7',39),(768,'DeBunTB05KYi',55),(769,'dan3Am91mjpi',86),(770,'si4KiC5G1DMx',69),(771,'TU6sloT2hcXz',99),(772,'N1klVWaMVNbt',60),(773,'WWGzETGvDWFJ',56),(774,'0m1g1wy0Scc9',32),(775,'kzC4diCzo7gy',1),(776,'PpDFkyzsB3FD',65),(777,'a0J19Ksa59x1',5),(778,'HNJ8WasLIJhN',30),(779,'wM4qIlHxUWuy',11),(780,'ntc3KPC5FWT7',2),(781,'IuGQTDn6KyVq',16),(782,'2X1u44LlHTBY',32),(783,'pFfehXs8EJgd',82),(784,'WYHvwAIPZw53',88),(785,'dheCtYFnuame',54),(786,'Gmqt0bTfyNbj',98),(787,'6yQzlaKGmrH2',100),(788,'nAlJFPcISO31',10),(789,'dc7fUQkKRZYu',20),(790,'8Nt7Tnx2xRqQ',47),(791,'NAsM9yW1ewvh',22),(792,'rmHEDxoE9pDT',73),(793,'RSOvVRgtwqPA',84),(794,'HaKTHiJbFq7G',29),(795,'mSUXs88omeqN',17),(796,'3h2YDXfQFKZh',81),(797,'TpB43VQFLWvK',66),(798,'yapNPkc3Tswb',25),(799,'MiVIgCdHGT6J',88),(800,'98G1QNXQXqok',27),(801,'13Z5sQeIEpIg',91),(802,'PhEWbB1eRA84',75),(803,'Xf9JlfqWmcz7',34),(804,'TkWBX7ESGbQg',100),(805,'M6tWOR1MOVKH',8),(806,'j22ZUpqIhgMm',33),(807,'lU9gkKEI8Qb1',40),(808,'dOkPvq3sggnw',14),(809,'wglPBYmnUPdT',83),(810,'LxXLLC6Rz2vb',35),(811,'O8h97llqwZcX',31),(812,'RSqRXonR5ZGS',72),(813,'8eolb1rx30Wd',7),(814,'Lo09hVYWlBK9',32),(815,'zcHKRKVoD4nI',70),(816,'N5fc8rFxWP3Y',64),(817,'gZrpraIr5FeZ',96),(818,'hPv1UdGuMDFP',39),(819,'y8rlGOtKLllN',17),(820,'mX31sa3oy8lE',66),(821,'7bCkm3nybhDn',56),(822,'cOMVrjjjS7pq',36),(823,'NLyqTQFTyGYg',75),(824,'KM5Kr36ADxxj',93),(825,'go699JmLThp4',13),(826,'A17udHzsJfWE',89),(827,'U71AwrwIxaHC',81),(828,'De49AeFUOmWa',56),(829,'uUZzAIigzbGa',14),(830,'7zxhDQ85goYQ',69),(831,'jwSdE4lash09',35),(832,'g9p5m40hIg3o',23),(833,'xSGHbEj1Z7Ek',58),(834,'zXswsH083uqw',25),(835,'7eO7mV1eax15',43),(836,'8dvTHUsn0ZJm',97),(837,'hu95Ude0eVFl',95),(838,'ux0Ls7O8P1e8',36),(839,'3Xu93HKTHGgK',21),(840,'x7YPGikaRMRe',30),(841,'fQq3qOnZmVwy',60),(842,'NX4Pzhr2HYse',49),(843,'sJ3Z1Pf2dtPp',78),(844,'ppHuOmGpEq4A',36),(845,'H38TqUcI3kXx',14),(846,'dpxiUDdlLfSr',30),(847,'74NSS9QpD2dD',65),(848,'kbExJE4BDucO',7),(849,'3IEbji60ODU7',63),(850,'tXgpGDzOPdpt',80),(851,'CEi0J4ofcJQ2',25),(852,'OkgX1eWeqLzk',8),(853,'lAViwqdbyJiC',99),(854,'QxSgJrV3gi7u',29),(855,'lTLl4NXVmiJc',97),(856,'7sucy5UNO79M',23),(857,'1wU0CX0lUZxK',77),(858,'5wauFVeSYNme',73),(859,'hXUW8V6Jcc49',31),(860,'7oXycIG5kDs6',84),(861,'CyJOzCLGJYfV',92),(862,'1d9v96ACiUyL',47),(863,'QWCfLzoFeAJN',78),(864,'bi0Z176xC6Cf',14),(865,'r1l6S7yCcwZS',37),(866,'XLRyM7i7JGuY',60),(867,'lP8BumWvuCT8',88),(868,'vEq7lvd4HcBr',62),(869,'SIkB90FGazSV',8),(870,'s4j82uyM1Gci',48),(871,'uKLBKVukv2F3',78),(872,'uo4Cq8wxevzP',29),(873,'M8QqOAyHw9xn',70),(874,'iKg0KDC2jCAR',16),(875,'u3TywECLuXlk',19),(876,'naRUVi4RbZZw',60),(877,'LFK3l1HUe7hn',81),(878,'j6NlbhIJFyK2',18),(879,'hT112L5euymW',27),(880,'tB9deg65MczG',3),(881,'5G0ipKdLXSev',86),(882,'BaAug6bxzEJh',74),(883,'iAZ6EtpFXKPp',3),(884,'lsPGUBoGgE3k',37),(885,'H875Ekg7ZCgB',49),(886,'SIhgp5IQXqgm',66),(887,'CD7npgFe9Zwx',47),(888,'ERjmuiBl7kz3',93),(889,'CU7dEYs7Rwf3',7),(890,'0InqdbvcsdCP',73),(891,'DVEafc2z2GhG',63),(892,'NNfMWf7fRkeq',91),(893,'KueDHznN3nk2',79),(894,'epCEUSRZJEMH',93),(895,'4Ldig7pqwcS7',74),(896,'5ewfhSBUQl2Q',92),(897,'mknMjmszHwQD',2),(898,'13xab7ryUUF0',19),(899,'vZVqq2VnMpNY',72),(900,'vQIrBw8tNjlE',29),(901,'SQRcasVNpwKl',81),(902,'O76c4lX8LES5',80),(903,'3Im0a9LcdRVx',16),(904,'94ILXqkc5098',96),(905,'0a9LjXkfDTGp',40),(906,'QCGCW6Oxfub1',51),(907,'5lrbJnDf6Lmz',94),(908,'UMkh356M8uls',99),(909,'gkMFcNmb55ve',19),(910,'h0xPlSddTvb4',42),(911,'7vC9T7qoOoik',98),(912,'5xCSjmjhIpl2',79),(913,'Q9m9txtGFZy3',80),(914,'Rllh3OozGeQC',82),(915,'WCQw0OkNX0s6',34),(916,'tjHnFvMn39C0',94),(917,'nnyoHsExArOo',23),(918,'hgY7ruhiLfgl',26),(919,'1WbhCkpHb8aP',74),(920,'euowS06NeVtv',75),(921,'e6DsMuz0Uasd',54),(922,'updnOHXf7ZJM',65),(923,'nkSouBncU9lr',89),(924,'O1HR34vFWNOQ',98),(925,'JIgzycUBZ7DT',11),(926,'yz3gEkowbYeg',50),(927,'i8PZj1c73wVF',17),(928,'n1dfPWLyrd3k',25),(929,'eKLGAuInYNMm',46),(930,'rp4EHj1trl3a',49),(931,'nIHM0WMuL9Gr',45),(932,'G5k02MhUcSHG',64),(933,'q4fg7fvXk4V6',52),(934,'NLrO2mpnZcSC',61),(935,'7JmNnaSsnuG1',33),(936,'r2hfD14egwl0',52),(937,'bQTyrtbRmq6S',100),(938,'3IgVyS5YrAlg',48),(939,'FCK65X4PjV6C',12),(940,'i6eyU7C2xlOn',11),(941,'isbgMxHLQiQ9',1),(942,'HDhW22zY4sc2',26),(943,'eHd6b2gpstQD',48),(944,'i468QSn33ECm',82),(945,'l1xuk5hDDKLI',90),(946,'B4w1eVrt20kg',23),(947,'KL4dD7vgYVPY',80),(948,'3wE9vExHuiJT',45),(949,'eZPXBWy2eK9v',55),(950,'Y7sW0CH8mwVf',71),(951,'LA6kFgpnN6OC',25),(952,'xbv6Fo6MqQi7',58),(953,'IjZGKtP0fqtH',96),(954,'fUxhFdi4ihxd',46),(955,'fzmv94Tcbqzq',78),(956,'rLUENgA2xWGB',66),(957,'T2bFks5JN1Bm',83),(958,'H4HDgKb67NOp',98),(959,'O7yRYIA91ttB',34),(960,'VQNUjxlPqE8n',43),(961,'iXygL1VqSHzf',96),(962,'G12C9sVpjiV2',31),(963,'6nVxuLzStWCn',41),(964,'AKDs8TANGJ7Y',99),(965,'w0IlUTFER9kS',71),(966,'Xj8NHfJk1Yr7',96),(967,'9cUGuNkryH9m',17),(968,'v7C9sUQ0OFwr',67),(969,'JtqIVIWgTCII',58),(970,'b1Abm1lEUp67',65),(971,'JdNklQjJ4b4y',73),(972,'CFPz6tdUA3WT',100),(973,'eZ9MOc1nlQhI',51),(974,'X9nBGd9JM4fp',13),(975,'dA6oeTOq2AO8',84),(976,'dFH5Z0BchYN3',50),(977,'LcfYqe0KzaQr',9),(978,'gCxrqAnpA7UV',17),(979,'xwCDXKOehB2v',27),(980,'eqP9lcjwWVmG',35),(981,'0wogLhKVaiXV',39),(982,'XYnL6AxAbhLK',27),(983,'P9LkXtXKStUO',18),(984,'8gENLXtx6NGl',61),(985,'5hUotgGLqhoH',37),(986,'WrA7z8zBOnTT',62),(987,'Dsm4emU8EDzQ',25),(988,'BzB5lCJ0OJyX',41),(989,'ZbcqCTAMFHdy',33),(990,'YL2jp9ViWuLF',76),(991,'DiXz96WGeFK3',61),(992,'KtwcD8pyWd2E',77),(993,'QAj4XYq2NnYI',28),(994,'vAMw2RFSuH5F',34),(995,'wwNpeG6gbBCF',17),(996,'v6C5RJoOOT8B',27),(997,'jm9qiYHMBzUH',19),(998,'bSOO43Qw8hK8',8),(999,'pHf7r0VBW63m',86),(1000,'ZME6pjtUM0of',76);
/*!40000 ALTER TABLE `photo_albums` ENABLE KEYS */;
UNLOCK TABLES;

--
-- Table structure for table `photos`
--

DROP TABLE IF EXISTS `photos`;
/*!40101 SET @saved_cs_client     = @@character_set_client */;
/*!50503 SET character_set_client = utf8mb4 */;
CREATE TABLE `photos` (
  `id` bigint unsigned NOT NULL AUTO_INCREMENT,
  `album_id` bigint unsigned NOT NULL,
  `media_id` bigint unsigned NOT NULL,
  UNIQUE KEY `id` (`id`),
  KEY `album_id` (`album_id`),
  KEY `media_id` (`media_id`),
  CONSTRAINT `photos_ibfk_1` FOREIGN KEY (`album_id`) REFERENCES `photo_albums` (`id`),
  CONSTRAINT `photos_ibfk_2` FOREIGN KEY (`media_id`) REFERENCES `media` (`id`)
) ENGINE=InnoDB AUTO_INCREMENT=101 DEFAULT CHARSET=utf8mb4 COLLATE=utf8mb4_0900_ai_ci;
/*!40101 SET character_set_client = @saved_cs_client */;

--
-- Dumping data for table `photos`
--

LOCK TABLES `photos` WRITE;
/*!40000 ALTER TABLE `photos` DISABLE KEYS */;
INSERT INTO `photos` VALUES (1,870,31),(2,737,5),(3,835,6),(4,546,69),(5,322,95),(6,728,3),(7,258,7),(8,393,25),(9,869,7),(10,790,26),(11,751,47),(12,711,86),(13,912,61),(14,203,6),(15,260,49),(16,771,99),(17,310,56),(18,498,24),(19,398,67),(20,202,7),(21,476,75),(22,343,94),(23,975,67),(24,516,63),(25,756,42),(26,887,55),(27,761,78),(28,96,29),(29,632,24),(30,88,72),(31,903,81),(32,958,94),(33,197,2),(34,570,44),(35,907,91),(36,871,37),(37,581,15),(38,954,99),(39,998,84),(40,243,86),(41,780,95),(42,693,89),(43,232,85),(44,292,51),(45,511,16),(46,682,100),(47,639,68),(48,763,16),(49,869,96),(50,280,64),(51,713,94),(52,13,57),(53,850,79),(54,408,58),(55,244,89),(56,487,40),(57,676,73),(58,868,47),(59,630,36),(60,488,46),(61,596,86),(62,818,24),(63,234,34),(64,176,74),(65,406,79),(66,608,45),(67,511,51),(68,228,75),(69,518,15),(70,831,70),(71,670,99),(72,441,54),(73,813,98),(74,529,94),(75,558,72),(76,363,68),(77,371,87),(78,560,85),(79,647,81),(80,772,9),(81,305,34),(82,170,32),(83,576,2),(84,653,41),(85,704,28),(86,267,67),(87,326,97),(88,481,37),(89,677,34),(90,839,59),(91,363,95),(92,320,9),(93,218,98),(94,37,55),(95,648,13),(96,176,71),(97,20,55),(98,409,70),(99,615,66),(100,987,29);
/*!40000 ALTER TABLE `photos` ENABLE KEYS */;
UNLOCK TABLES;

--
-- Table structure for table `profiles`
--

DROP TABLE IF EXISTS `profiles`;
/*!40101 SET @saved_cs_client     = @@character_set_client */;
/*!50503 SET character_set_client = utf8mb4 */;
CREATE TABLE `profiles` (
  `user_id` bigint unsigned NOT NULL,
  `gender` char(1) DEFAULT NULL,
  `birthday` date DEFAULT NULL,
  `photo_id` bigint unsigned NOT NULL,
  `created_at` datetime DEFAULT CURRENT_TIMESTAMP,
  `hometown` varchar(100) DEFAULT NULL,
  UNIQUE KEY `user_id` (`user_id`),
  KEY `profiles_fk_1` (`photo_id`),
  CONSTRAINT `fk_users_id` FOREIGN KEY (`user_id`) REFERENCES `users` (`id`) ON DELETE RESTRICT ON UPDATE CASCADE,
  CONSTRAINT `profiles_fk_1` FOREIGN KEY (`photo_id`) REFERENCES `media` (`id`)
) ENGINE=InnoDB DEFAULT CHARSET=utf8mb4 COLLATE=utf8mb4_0900_ai_ci;
/*!40101 SET character_set_client = @saved_cs_client */;

--
-- Dumping data for table `profiles`
--

LOCK TABLES `profiles` WRITE;
/*!40000 ALTER TABLE `profiles` DISABLE KEYS */;
INSERT INTO `profiles` VALUES (1,'F','1925-11-11',1,'2020-12-15 21:26:19','Mukdahan'),(2,'F','1932-04-24',2,'2021-05-13 05:00:04','Pingyang'),(3,'F','1963-04-18',3,'2020-07-18 23:39:18','Drb'),(4,'M','2002-07-17',4,'2020-07-22 17:45:33','Xiahong'),(5,'F','1957-03-14',5,'2020-12-25 12:36:17','Dalonghua'),(6,'F','1926-07-17',6,'2020-09-29 18:10:32','Makrychri'),(7,'F','1950-09-29',7,'2021-01-06 19:57:35','Dukhovnitskoye'),(8,'M','1994-10-14',8,'2021-01-10 09:46:15','Quibd'),(9,'F','1948-05-17',9,'2020-12-20 04:11:37','Helsingborg'),(10,'M','1970-04-07',10,'2021-06-01 08:59:21','Trondheim'),(11,'F','1922-06-03',11,'2020-09-01 18:05:41','Astorga'),(12,'F','1981-01-19',12,'2021-04-22 16:19:06','Pavino'),(13,'F','1970-07-12',13,'2021-07-02 11:28:03','Timpas'),(14,'M','1965-10-01',14,'2021-02-09 07:44:14','Watoona'),(15,'F','1948-05-31',15,'2020-08-27 15:57:04','Xukou'),(16,'M','1963-06-02',16,'2020-12-22 03:38:31','Oyama'),(17,'M','1987-08-29',17,'2021-05-30 19:41:47','Le Pontet'),(18,'M','1943-11-05',18,'2020-10-01 20:41:22','Xilanqi'),(19,'F','1932-08-07',19,'2021-03-12 12:29:15','Salgueiro'),(20,'F','1991-05-07',20,'2020-09-07 03:45:20','Tashanta'),(21,'F','1922-12-02',21,'2021-06-06 03:01:02','Xiaertai'),(22,'F','1974-11-21',22,'2021-04-06 23:56:43','Musashino'),(23,'F','1999-08-03',23,'2021-01-19 10:20:41','Foumban'),(24,'M','1925-04-04',24,'2021-06-23 03:53:13','Vsters'),(25,'M','1998-04-14',25,'2021-02-01 08:38:14','Macap'),(26,'F','1931-10-11',26,'2021-06-14 01:11:19','Ribnica na Pohorju'),(27,'M','1932-05-07',27,'2021-05-08 03:10:24','Montpellier'),(28,'M','1943-02-12',28,'2021-01-18 19:46:07','Jenang Selatan'),(29,'F','1940-01-14',29,'2020-12-15 21:10:36','Psevds'),(30,'F','2002-05-22',30,'2020-11-20 21:15:41','Izumi'),(31,'M','1973-12-24',31,'2021-02-04 19:55:22','La Escondida'),(32,'F','1970-10-04',32,'2020-10-12 13:00:47','Aldeia da Mata'),(33,'M','2003-02-14',33,'2021-03-18 17:38:25','Tissa'),(34,'F','1994-05-16',34,'2021-04-07 18:48:00','Kota Kinabalu'),(35,'M','1995-08-21',35,'2021-03-09 15:48:27','Chojata'),(36,'F','1934-08-28',36,'2020-10-09 18:41:09','Songshi'),(37,'F','1977-06-30',37,'2021-02-18 11:00:25','Blang Dalam'),(38,'F','1966-04-28',38,'2021-02-18 23:47:15','Mayo'),(39,'M','1973-10-26',39,'2021-04-27 16:46:53','Quinta'),(40,'M','1952-02-13',40,'2020-08-01 01:39:28','Jevremovac'),(41,'M','1973-07-19',41,'2021-05-28 08:25:31','Nangabere'),(42,'M','1923-10-30',42,'2020-11-09 20:37:33','Sosnwka'),(43,'M','2000-12-22',43,'2020-07-18 18:18:06','Touzao'),(44,'F','1937-05-24',44,'2021-01-22 04:57:57','Dagang'),(45,'M','1941-02-12',45,'2021-04-29 08:08:58','Pingyao'),(46,'M','1992-02-08',46,'2021-01-29 16:08:41','Cipeucang'),(47,'M','1956-09-03',47,'2021-01-16 23:31:13','Sergiyev Posad'),(48,'M','1979-10-12',48,'2021-04-10 11:53:29','Basel'),(49,'F','1959-08-13',49,'2021-04-11 04:44:51','Daba'),(50,'M','1949-04-22',50,'2020-08-26 16:12:42','Dongtucheng'),(51,'F','1934-07-27',51,'2020-08-15 12:21:12','Romanovskaya'),(52,'F','1989-07-22',52,'2020-09-04 14:03:16','Monte Francisco'),(53,'F','2004-12-05',53,'2020-09-02 20:53:52','Komsomolsk'),(54,'M','1966-10-11',54,'2021-07-13 14:23:34','Ingenio La Esperanza'),(55,'F','1959-01-28',55,'2020-11-16 09:13:35','Pacaraos'),(56,'F','2008-12-19',56,'2021-01-24 13:29:28','Qinlan'),(57,'M','1996-07-17',57,'2021-03-06 08:20:49','Wotsogo'),(58,'F','1994-12-05',58,'2021-04-29 06:07:58','Uglyanets'),(59,'M','1953-04-25',59,'2021-02-21 11:37:34','Yuza'),(60,'F','1974-12-08',60,'2020-12-15 09:05:04','Bailu'),(61,'F','1925-04-21',61,'2021-06-05 08:20:21','Mercedes'),(62,'F','2007-01-12',62,'2020-10-14 08:03:33','Huanchaco'),(63,'M','1968-04-12',63,'2020-08-17 10:41:46','Jardim'),(64,'F','1974-02-08',64,'2020-10-25 12:03:24','Kuala Lumpur'),(65,'M','1992-11-23',65,'2021-01-27 05:40:21','Bechatw'),(66,'F','1980-05-21',66,'2021-06-24 14:41:41','Kukich'),(67,'F','2006-09-22',67,'2020-11-12 11:11:19','Mae Wang'),(68,'M','1926-02-01',68,'2020-08-31 23:48:17','Marau'),(69,'M','1949-10-29',69,'2020-08-28 22:37:17','Karabanovo'),(70,'F','1961-11-23',70,'2020-08-06 13:20:39','Keffi'),(71,'F','1927-04-26',71,'2021-01-04 03:01:11','La Condamine'),(72,'M','1955-10-07',72,'2020-09-10 16:11:38','Elias Fausto'),(73,'F','1947-10-27',73,'2021-04-21 14:26:58','Liding'),(74,'M','1978-11-27',74,'2020-11-07 15:58:10','Zamora'),(75,'F','1996-10-04',75,'2020-09-24 11:04:13','Bongbong'),(76,'F','1969-10-11',76,'2021-03-18 03:01:24','Palestina de los Altos'),(77,'F','1992-12-08',77,'2021-05-18 02:49:49','Dundee'),(78,'F','2004-09-22',78,'2020-11-21 08:02:04','Kraaifontein'),(79,'M','1968-06-03',79,'2020-09-29 17:09:55','Tabant'),(80,'F','1983-02-05',80,'2020-08-14 13:41:39','Careva uprija'),(81,'F','1976-01-12',81,'2020-08-17 04:11:26','Cadiz'),(82,'F','1983-05-21',82,'2021-06-15 04:52:29','Chengyang'),(83,'M','1949-11-18',83,'2021-07-04 06:52:45','Jaguarari'),(84,'M','1952-01-12',84,'2020-12-01 20:19:14','Baalbek'),(85,'F','1929-05-31',85,'2021-04-15 03:48:43','Azurva'),(86,'F','1938-07-06',86,'2020-10-21 15:52:34','Primorskoe'),(87,'M','1961-09-25',87,'2020-12-30 21:55:12','Fengsheng'),(88,'M','1940-10-27',88,'2020-07-16 03:47:00','Lantang'),(89,'M','1966-06-28',89,'2021-06-23 14:12:20','Eksj'),(90,'F','1921-11-07',90,'2020-09-26 06:12:34','no-hara'),(91,'F','2006-08-01',91,'2021-01-25 11:10:22','Kansas City'),(92,'M','1962-03-10',92,'2020-11-09 04:26:26','Guarulhos'),(93,'M','2004-10-11',93,'2021-06-20 01:33:02','Ransiki'),(94,'F','1983-07-22',94,'2021-06-10 07:38:57','Chybie'),(95,'M','1982-10-09',95,'2021-04-20 16:07:22','Togu'),(96,'F','1952-09-03',96,'2021-01-24 02:54:29','Yangqiao'),(97,'F','1945-05-09',97,'2021-06-07 06:32:48','Skara'),(98,'M','2000-08-30',98,'2020-12-21 10:30:33','Sarzedo'),(99,'M','1989-03-06',99,'2021-02-27 19:51:04','Rancakole'),(100,'M','1994-10-06',100,'2020-09-04 18:07:39','Oni');
/*!40000 ALTER TABLE `profiles` ENABLE KEYS */;
UNLOCK TABLES;

--
-- Table structure for table `users`
--

DROP TABLE IF EXISTS `users`;
/*!40101 SET @saved_cs_client     = @@character_set_client */;
/*!50503 SET character_set_client = utf8mb4 */;
CREATE TABLE `users` (
  `id` bigint unsigned NOT NULL AUTO_INCREMENT,
  `firstname` varchar(50) DEFAULT NULL,
  `lastname` varchar(50) DEFAULT NULL COMMENT '',
  `email` varchar(120) DEFAULT NULL,
  `phone` bigint unsigned DEFAULT NULL,
  `password_hash` varchar(100) DEFAULT NULL,
  PRIMARY KEY (`id`),
  UNIQUE KEY `email` (`email`),
  UNIQUE KEY `phone` (`phone`),
  KEY `users_firstname_lastname_idx` (`firstname`,`lastname`)
) ENGINE=InnoDB AUTO_INCREMENT=583 DEFAULT CHARSET=utf8mb4 COLLATE=utf8mb4_0900_ai_ci;
/*!40101 SET character_set_client = @saved_cs_client */;

--
-- Dumping data for table `users`
--

LOCK TABLES `users` WRITE;
/*!40000 ALTER TABLE `users` DISABLE KEYS */;
INSERT INTO `users` VALUES (1,'Yorke','Cluatt','ycluatt0@nytimes.com',6367765217,'c98709c8fb2dd29cb6c20800647f353ce1454639870e8fbcba2f82f50bd4b652'),(2,'Katalin','Arlt','karlt1@free.fr',8472937836,'35f86b5fabc1c7071d2432be94d738b4ac2436c350e3d37be71f9de1e0534dd1'),(3,'Sissie','Hammon','shammon2@google.co.uk',7532812709,'e3d0ddc6cd2bb84b768bdf1493a55cdfa3fe432d7f366392ea2577a457493246'),(4,'Laina','Saggs','lsaggs3@cbsnews.com',7796481180,'5be60b11729cf263c076fd91d9670238a1b9cb59a7cf4efa68d67ee075918e92'),(5,'Nadeen','Nijssen','nnijssen4@list-manage.com',4953270188,'dcafc63f03c32903960f4342a33a00b576068c9e9a0b33ab899fb2b706c13118'),(6,'Mitchael','Macek','mmacek5@kickstarter.com',7982571870,'f009a43aaa105615309764d944269f9c12ce9671bcace93a6cfe3d8d3690e1d9'),(7,'Margarete','Rainey','mrainey6@yolasite.com',9905362417,'dd92cc2a01564f885bcbd3c13366aebcd2982465fe5879c120afb439c53c6810'),(8,'Sigismund','Mowday','smowday7@furl.net',7695417694,'4b7953b55177c050c8aac0f13e11553508c58f53f0928df582d588a96f207439'),(9,'Carlye','Browett','cbrowett8@prnewswire.com',6694545456,'2fac52d088d3de0d9bae0d55c0d31b7e34f4af1ee78135692826b09f1bdbdc0e'),(10,'Damaris','Ivakin','divakin9@purevolume.com',2652695029,'8348f02f6b18be9cd9be31f7bff4255ec199cb9d3cb1b0873e31b38f039031ff'),(11,'Hildegaard','Dugall','hdugalla@yelp.com',7019660549,'df5afbc6c38891e3c3158b7e38d6d97bea9a5a5df0b40e7a8fec7bd9c8b679fa'),(12,'Francesco','Goldring','fgoldringb@typepad.com',1994509820,'f71c96f5c102eeff4fde357a9a80e7eb506dd9c30b1782378aead963f5929b9f'),(13,'Clarence','Durward','cdurwardc@ycombinator.com',4391054194,'6f38045320d7be7d113bc574896a2d98a0c4b092bcf04f4e7dc6825417360316'),(14,'Fransisco','Tomsen','ftomsend@netlog.com',4261285594,'eda42fd3c284784dffdfa6a33ea4c6286ad5022c37589f70fa528428183879d1'),(15,'Mohammed','Geram','mgerame@4shared.com',3242455346,'36966b3faa4956ad2ebcb8a66d63fac1d0af299b42e64d81e8f8733c9932b90e'),(16,'Harrie','Dignon','hdignonf@dell.com',2622711944,'d9cca8a4b5669c79d83da0db2e6805e64c5c1ce88c02a66bf0632b9a720cd7b6'),(17,'Ruthe','Dohmer','rdohmerg@pcworld.com',7683795836,'8c39156a737e5b41523a31ef962c781af68ca6cd810fa534b64f4d4023aa4782'),(18,'Lane','Congreave','lcongreaveh@miitbeian.gov.cn',4038484190,'bc09e0b14675edf583fb8e009ab63c124b76f21c087b6fa23b68d16c1dc97680'),(19,'Doralynne','Aubrun','daubruni@bbc.co.uk',5949562570,'d9ecccef355c58c9079cda092b3177f4982b273db4cdbae6a8dbe8a6f8a86e52'),(20,'Leisha','Croneen','lcroneenj@stumbleupon.com',1903342319,'2b2d2136510ff136b92457b51e44e58d8b7511c4b250f21328b17efc1b44a76b'),(21,'Conant','Blois','cbloisk@about.com',1462166920,'5f1e6bce40d8d8bf53045387e4c31fa61cba7345c12a3c1ec5d74cf01e0edfac'),(22,'Melissa','Maffiotti','mmaffiottil@nydailynews.com',6359687756,'45ca524dfddeb2fb98dee1020f96a823f17e782d99f25a1e81821e84bfbce090'),(23,'Enrique','Alway','ealwaym@acquirethisname.com',5152419130,'433d70a824e5128e512fa0958a4ca61d5ac31bca481491cff6f43c2ce0d740b9'),(24,'Trudie','De Bruijne','tdebruijnen@cnet.com',1015761242,'201989c62aeb8da07ee6d14a272f714b3a14dc1aa74fa5e283c5ccdc285b2d39'),(25,'Alika','Lorenzin','alorenzino@people.com.cn',3764374481,'95c0be314ce988e965960926176e981d9ae7ad91a70c8940b6579fc10cb9b9d5'),(26,'Cami','Gunby','cgunbyp@usa.gov',6943105633,'59d246cbb65dffecb6b45b72c0593c7393ff9503e41af1ba2dc73bc031992517'),(27,'Richy','McBlain','rmcblainq@printfriendly.com',9186598266,'9505c7d758c4f82c0925bbf5a540b7af87af9f09d90ae1097afb50c85406fd6e'),(28,'Marthe','Monkleigh','mmonkleighr@geocities.jp',7471044560,'917e1b39387ac2692bc07cbd043633b0c9842d19c28c2307dc4d04605b508241'),(29,'Wilie','Josephi','wjosephis@parallels.com',2733935784,'74df0fa367cea949781da6a77ad1276aaa8b166519836c28d617e904d5d0a8eb'),(30,'Debbi','Frisby','dfrisbyt@addthis.com',5269760079,'600e1a5930d5eafd6bbb1d8c36b8e4c25f5c6f1985abe3676809158a017d4f97'),(31,'Perla','Fillon','pfillonu@homestead.com',2562288287,'0481713b216967fd4d62452fafb8ebf3ab3584fcb30454f93c362ea0a620b9d2'),(32,'Angil','Crevagh','acrevaghv@skyrock.com',4137857971,'053a464e729872529a5283c45ed27daffc9696d4ba89c44c041d917b32f89344'),(33,'Mikel','Kehri','mkehriw@issuu.com',4785103018,'73db3c4e7278f6f4e7109376c58a4c8089eb9af2abf363edc7a340037b02f427'),(34,'Angeline','Turbill','aturbillx@hibu.com',9994184742,'2eaf2f65127907622344eb30f605e6ea8ab18d940563524ac9ffe7a9adbc988e'),(35,'Kent','Lenglet','klenglety@mozilla.com',3391072968,'3e665684ac67ad025986bac392ce9a12d8eb5e9b10480a08a6bc4c0d152f089d'),(36,'Chalmers','Bridgens','cbridgensz@redcross.org',9217994758,'3c86ba10eb66c8f280d46658a92031fae8dbba09c10fb3b07fff0af0663ed69f'),(37,'Teresita','Lahiff','tlahiff10@smh.com.au',1301047756,'b76d059ccc2afbe1f3a1b86b97e08220ffe159cf5a90c66e845f1c89e26700a9'),(38,'Teriann','Flute','tflute11@fda.gov',2468688229,'752d816f751147470b580c297ff04f3a775aa68e1d95b48b5e53443391daf42d'),(39,'Cornelle','Ferson','cferson12@g.co',3631397862,'bbdbebf9969e93b712f3045e73b06f598d43579de98cae07f137ceddf1a6ed8a'),(40,'Alma','Lennon','alennon13@mapquest.com',5438546512,'b1b9c20f5bf1fd4a263095222160b8c8c3eca8ef2ba2ded79f66c85b9b9b1993'),(41,'Daniele','Hurich','dhurich14@dropbox.com',6531672594,'dfc8e65947b138d2673e329a208963e5c2adb3dff5fb0d200f06a825d7c7a15b'),(42,'Cull','Achrameev','cachrameev15@va.gov',5169268297,'c63693be389712c6d1c4ee1adee821ab29c64a5e454a610635d72175734dbd14'),(43,'Phaedra','Pounds','ppounds16@opensource.org',2679334420,'46da1ab1b09e1fc862d23dbab5bc1eb5a5365c2942db3cf10e11c78ffbbe917b'),(44,'Bank','Windle','bwindle17@delicious.com',1492238992,'66d253f238509764aaefa328e5afedd9e0604346df93e30e79f02d874738d61e'),(45,'Denny','Traviss','dtraviss18@ucoz.com',8854909281,'4bc8bee34e7a58f5bcf4aa82b509f6f19ed963a25aae5e1e35aa21014f500a9e'),(46,'Tadio','Brittin','tbrittin19@vistaprint.com',3894827137,'8e18f3ac1aa85b140af6b9935477ae76e174f2d52fecde3e188443dfbafaaed4'),(47,'Had','Edghinn','hedghinn1a@irs.gov',6878561856,'b2447bf2aa81b3d793b5d7f4853ae3dad4c1a5accac0890d074e7e5cb0031c37'),(48,'Dante','Spenton','dspenton1b@arizona.edu',3775979786,'e08fa575522c1ec3e3dc1ad514193faca7eed8caaa6ab7fa5cafeb501d9949db'),(49,'Pauletta','Cotman','pcotman1c@cocolog-nifty.com',4978127915,'57a57b435e9c420556e54b148835d356a95da4f5ab7b0682f55281d773b8aae0'),(50,'Athena','Giovannini','agiovannini1d@mac.com',6524879467,'b74b0268a42c55890db45d5c473e986511b755dfde8256ac20b448f857408b3d'),(51,'Godfree','Knagges','gknagges1e@newyorker.com',8947846829,'13391fdd0562a8b8c39769e5d33fa91c41b72884e03b6032deebd825709fd50a'),(52,'Belinda','Beachamp','bbeachamp1f@bloglovin.com',9962339575,'1b3396ea012e3f1efcc85bca6572057a3bad92b6178efad58f64860c53ebee1d'),(53,'Reiko','Robe','rrobe1g@domainmarket.com',9523408498,'6ca761804a07e4323a7875240148f72860abe66cc2c35df1e2f9ff8acc71621b'),(54,'Avril','Baudains','abaudains1h@typepad.com',5871247697,'500717b640b41e7d735433ccdca5acba914ef6e72cd7919a79c55cf09297f474'),(55,'Teriann','Paule','tpaule1i@amazonaws.com',6726102932,'cd15e7410dd1cb4977f67f5a46d0447403972e7f72138075b298a2760dcf17a5'),(56,'Shelley','McCosker','smccosker1j@chron.com',9713782286,'98cd02507f1067d5f078aeee1281fda1688fe10f28b250df337f01e30d748a83'),(57,'Mabel','Blackeby','mblackeby1k@webs.com',7343278038,'ffd762b1a7f2bccdc93df683261b8edb079a656160a077a74f9861c61e2230b9'),(58,'Theresina','Supple','tsupple1l@tumblr.com',2628693377,'17d6aa3953f3cf9b916acf28545c364a9c0cef08305e44e2b38cf8cb048a2a37'),(59,'Mei','Braund','mbraund1m@google.co.uk',2884116422,'3b6e9426d31eb51513693fdee26bc1758ff315d20f1e70bb81d25ed9b3a9b117'),(60,'Cassi','Shann','cshann1n@nature.com',6348197935,'1df95f7bf82120218248c174ff58926bcbc86ae610340b6890bccedda6bcbb5b'),(61,'Gerianne','Dugald','gdugald1o@prweb.com',3072969109,'89bfe8bf3152acd08c9b6e6468d97c5c168105e8a67f8e426753b9e9eaf7a862'),(62,'Arie','Morden','amorden1p@mac.com',2431291006,'b43ec924735814e9e6fe224a9b31aac0035d3f272b664e3b85a2bfa49d255744'),(63,'Katleen','Eisikowitz','keisikowitz1q@oaic.gov.au',2288462657,'9340f21de54e3afe2d955ddf5b87751b6bb0fe50b719dff02ea2a61b9014b262'),(64,'Cliff','Du Plantier','cduplantier1r@symantec.com',6485593366,'376cf685b017dff109b4b787eeb9503053119918c9e791efabb364439183381b'),(65,'Charlena','Gaskamp','cgaskamp1s@google.com',5678906659,'3aee51348cdf590fa60541df280dc3ac026fdff0cad43891e59cdfbdaa2e6549'),(66,'Zola','Meakin','zmeakin1t@vinaora.com',2019668664,'e744aaf4773aaecec426e8534d9d57e5408886a0ef8cb78cc4b7738c0c1ef637'),(67,'Persis','D\'eye','pdeye1u@sfgate.com',2436348414,'ac693beb945b4ba5eb5de1328e039e3d21f9d2850e49a88412d532c03421ad9f'),(68,'Jase','Elsegood','jelsegood1v@eepurl.com',3701179416,'87b70dcb224d35af8e8c59f0e3ee6302a1fddf8a4c8df8fc3cc3a798790e4265'),(69,'Annecorinne','Crampton','acrampton1w@meetup.com',5057359248,'0477afd3e39e67229b69d40993bed50ab1e7a28a1a95651050294145cf60da02'),(70,'Ky','Seary','kseary1x@odnoklassniki.ru',2863830110,'80db68ea18de1bb5c296af527cdf2d0ec8bd82b5820f089781dedd205f7adab8'),(71,'Kaile','Pound','kpound1y@parallels.com',9385291122,'bb94be50130bf7a1559221fc402d6f09c927b7dfd8d8b8d6075c3cc07a0e6192'),(72,'Price','Daveran','pdaveran1z@vkontakte.ru',6203963318,'98add8915de80d73b7baf72fde4439cc6827cd9cbcb5ad164bf69f08291022e8'),(73,'Brigitte','Kither','bkither20@admin.ch',2384286399,'a0f1b63c5c01a721f6a15602ed2d3835783a5eb9ca14a1bbf24fcd376f9ee880'),(74,'Jack','Blenkiron','jblenkiron21@chicagotribune.com',9437655012,'d79bec0779c18d27e2b5789be0fa9e2028b029656e316964454a4ce9b1f94bc0'),(75,'Ronnica','Rains','rrains22@hostgator.com',7427735075,'d32e6480b227d431f041d736eb649710dbb0731c47c3eceb2a5edf0bdc9add36'),(76,'Geoffry','Kollasch','gkollasch23@wikimedia.org',7714743803,'99e4272c42a780a0bb7dbf454ac6a8afabd3ee3a27460b15f33d65236da5d767'),(77,'Niall','Dudderidge','ndudderidge24@usgs.gov',4497554553,'434c5b20c29cee03a488fb5306c884472c0daf969ff167fd6b24818313b98f99'),(78,'Bette','McShea','bmcshea25@intel.com',1366316205,'efba11aa549b8c1da9d441ee3ecfa214105260e389217fa5e69d668e2b4f87cf'),(79,'Carole','Mussalli','cmussalli26@ftc.gov',6941878100,'660bbb059564fe4d9915ae8df85cf489296a31f43d5a2c33058a6737b1113eb5'),(80,'Aldis','Strowthers','astrowthers27@multiply.com',7529488083,'d373ebe4d1161b15a26efd116609074d923298dbff050e89eb0873aebbb7cfe5'),(81,'Evan','Sandels','esandels28@dailymotion.com',7246957754,'dcdec8bf7fe758b94a153596090f952af0f0a140e9043384c8a99be895c1d892'),(82,'Davie','Airdrie','dairdrie29@sakura.ne.jp',5942271902,'55a7f337734c97876ec0307e3b03debef00bc3e6f03842818cefa25ca15fca32'),(83,'Cally','Whetnell','cwhetnell2a@biblegateway.com',2515855734,'136e43b8f6157b38539e259a9426be4150a1ebd22c59cb63a0d1104ebd5c3f29'),(84,'Camala','Yegorev','cyegorev2b@flavors.me',9787097028,'cf83a16de70b07e44850a3e1800ffb6e398fad2ae5fb7f5ec8b90947e29da600'),(85,'Ferdinande','Dwire','fdwire2c@google.com.br',7719337506,'bf9d0b5af22c1992d111c10f3fe29f5c7d035500d4dcffc3e730b4926cf6da7d'),(86,'Sollie','Paxeford','spaxeford2d@time.com',8705985579,'7aea640dd157169d81981c8886036286dfee900eebf61fb69bf52c7bd6f9036d'),(87,'Nicky','Boulton','nboulton2e@tumblr.com',8198301588,'dd4a9748c348acbb1b1b6319ed5afae580178479e8144ed4b14ce47a5ed1e1b1'),(88,'Hakeem','Averall','haverall2f@cdc.gov',5888916983,'a0df6de298820d7c753324182f28ae47e33f187d75dac8874807fba288958cb0'),(89,'Holden','Arnaut','harnaut2g@youtu.be',1977182432,'b075429fa44026b535aacf644cbe51191c547b0268dc394ced2012465878c9bd'),(90,'Jerrold','Mighele','jmighele2h@ftc.gov',6104904035,'7ff8ba37b94eabe24c355a5b41afbe9a197d50a511cea71230540af749a37d71'),(91,'Hugh','Gut','hgut2i@umich.edu',3508731885,'9762e84e447d87d2e3431d98131f9517628c7e4d951f2c11440dd4f014275d94'),(92,'Jacqueline','Zanutti','jzanutti2j@guardian.co.uk',4082625000,'f7166d81bcdbc24bab5ef8e183fc00d1e4789356fa5dee05c320e31cd0ab904e'),(93,'Hamish','Haselden','hhaselden2k@cdbaby.com',1706463001,'b93438cf8049158c40574b95d958d297f3e4c6edae36aedbf838af30b96c0fe3'),(94,'Fabe','Roycroft','froycroft2l@washingtonpost.com',5753299514,'2870eafd4c8ce71153f8ddf0d5e1ef30f5dff1ac6e0a9df0454d3f7c3fc85933'),(95,'Jacintha','Eltringham','jeltringham2m@dot.gov',2538721123,'946bcec68c55dc1cb0f83e37ebfe5934f2c656c4623269b5c8670f6373830fb9'),(96,'Falito','Alvey','falvey2n@psu.edu',9474364780,'b9c8b561a3598151ee543144c1cddedf34bc2cd31bf388cb06b1132b63a2040c'),(97,'Edith','Kalinovich','ekalinovich2o@booking.com',7919070557,'2807ee088ba5dfbaace9bed8f5d6f59d11558c877de9dff79a10d703d09fb76d'),(98,'Rowe','Chomicki','rchomicki2p@jigsy.com',9975845331,'39ac499f032925616d48206ad44edb50544fa9a7344e15980a1d0607e116b027'),(99,'Eldredge','Hartegan','ehartegan2q@artisteer.com',2437924447,'5d0f1e1d129e620b3df4cba545768fe2c1be9ecd41a6f641f948e05f350976cb'),(100,'Tomas','Lum','tlum2r@canalblog.com',1238438761,'bd1004c0aaf9305b99c5b5b782502428beed57ff4796b5fd640d98c22a40ae86'),(445,'Reuben','Nienow','arlo515@e4xample.org',NULL,'0'),(446,'Reuben','Nienow','arlo516@e4xample.org',NULL,'0'),(447,'Reuben','Nienow','arlo517@e4xample.org',NULL,'0'),(448,'Reuben','Nienow','arlo518@e4xample.org',NULL,'0'),(581,'Dean','Satterfield','orin6119@example.net',9260120629,NULL),(582,'','','ivan@example.com',9531234578,NULL);
/*!40000 ALTER TABLE `users` ENABLE KEYS */;
UNLOCK TABLES;

--
-- Table structure for table `users_communities`
--

DROP TABLE IF EXISTS `users_communities`;
/*!40101 SET @saved_cs_client     = @@character_set_client */;
/*!50503 SET character_set_client = utf8mb4 */;
CREATE TABLE `users_communities` (
  `user_id` bigint unsigned NOT NULL,
  `community_id` bigint unsigned NOT NULL,
  PRIMARY KEY (`user_id`,`community_id`),
  KEY `community_id` (`community_id`),
  CONSTRAINT `users_communities_ibfk_1` FOREIGN KEY (`user_id`) REFERENCES `users` (`id`),
  CONSTRAINT `users_communities_ibfk_2` FOREIGN KEY (`community_id`) REFERENCES `communities` (`id`)
) ENGINE=InnoDB DEFAULT CHARSET=utf8mb4 COLLATE=utf8mb4_0900_ai_ci;
/*!40101 SET character_set_client = @saved_cs_client */;

--
-- Dumping data for table `users_communities`
--

LOCK TABLES `users_communities` WRITE;
/*!40000 ALTER TABLE `users_communities` DISABLE KEYS */;
INSERT INTO `users_communities` VALUES (24,1),(56,3),(22,5),(53,6),(69,8),(71,10),(8,12),(89,14),(10,15),(48,16),(49,16),(70,18),(75,18),(39,20),(80,20),(59,21),(17,22),(38,25),(54,25),(17,26),(47,27),(37,29),(27,30),(89,31),(92,34),(3,35),(34,37),(46,38),(24,39),(70,40),(86,40),(23,41),(53,41),(27,42),(95,42),(41,43),(55,43),(65,44),(31,46),(61,46),(75,46),(77,49),(26,51),(42,52),(97,53),(48,54),(95,54),(31,59),(55,60),(95,60),(42,61),(35,64),(36,64),(64,64),(24,67),(10,68),(37,68),(51,68),(69,69),(13,71),(38,72),(90,73),(90,75),(12,76),(42,76),(55,76),(22,77),(79,77),(89,77),(36,78),(68,78),(72,78),(8,79),(29,79),(86,80),(31,81),(49,81),(58,83),(68,83),(53,84),(56,84),(86,84),(16,85),(48,86),(90,86),(28,87),(68,88),(5,89),(55,89),(40,90),(4,93),(86,93),(79,94),(61,95),(14,98),(29,98),(37,98),(55,99),(88,99);
/*!40000 ALTER TABLE `users_communities` ENABLE KEYS */;
UNLOCK TABLES;
/*!40103 SET TIME_ZONE=@OLD_TIME_ZONE */;

/*!40101 SET SQL_MODE=@OLD_SQL_MODE */;
/*!40014 SET FOREIGN_KEY_CHECKS=@OLD_FOREIGN_KEY_CHECKS */;
/*!40014 SET UNIQUE_CHECKS=@OLD_UNIQUE_CHECKS */;
/*!40101 SET CHARACTER_SET_CLIENT=@OLD_CHARACTER_SET_CLIENT */;
/*!40101 SET CHARACTER_SET_RESULTS=@OLD_CHARACTER_SET_RESULTS */;
/*!40101 SET COLLATION_CONNECTION=@OLD_COLLATION_CONNECTION */;
/*!40111 SET SQL_NOTES=@OLD_SQL_NOTES */;

-- Dump completed on 2021-07-18 16:29:23
